任务,所属专业,构件,施工人数,工种,总成本,开始时间,结束时间,施工情况,前置工序,工程量,工程量单位,是否加班,持续时长,实际工作天数,施工方式,直接依赖任务,备注,选定施工方式,材料价格,劳动力成本,层数
1层 - 柱、墙、梁、板钢筋制作,,柱,3,钢筋工,118729,2025/09/01,2025/09/02,"标准层施工, 暑期施工",,25.61,吨,否,2天9小时,3天,人工制作,无,,人工制作,115264,3465,1
1层 - 柱测量放线,结构,柱,2,测量员,80,2025/09/01,2025/09/01,"标准层施工, 暑期施工",,785.46,m2,否,2小时,1天,水准仪,无,,水准仪,0,80,1
1层 - 剪力墙放线,结构,剪力墙,2,测量员,80,2025/09/01,2025/09/01,"标准层施工, 暑期施工",,785.46,m2,否,2小时,1天,水准仪,无,,水准仪,0,80,1
1层 - 柱钢筋绑扎,结构,柱,8,钢筋工,0,2025/09/02,2025/09/02,"标准层施工, 暑期施工","1, 2",0,吨,否,0小时,0天,人工,"柱、墙、梁、板钢筋制作, 柱测量放线",依赖2个任务,人工,0,0,1
1层 - 短肢剪力墙钢筋绑扎,结构,剪力墙,8,钢筋工,3360,2025/09/02,2025/09/03,"标准层施工, 暑期施工","1, 3",8.28,吨,否,1天,1天,人工,"柱、墙、梁、板钢筋制作, 剪力墙放线",依赖2个任务,人工,0,3360,1
1层 - 柱钢筋验收,,柱,,,0,2025/09/02,2025/09/03,"标准层施工, 暑期施工","1, 2, 4",,,否,4小时,1天,人工,柱钢筋绑扎,依赖1个任务,人工,0,0,1
1层 - 剪力墙钢筋验收,,剪力墙,,,0,2025/09/03,2025/09/03,"标准层施工, 暑期施工","1, 2, 5",,,否,4小时,1天,人工,"柱测量放线, 短肢剪力墙钢筋绑扎",依赖2个任务,人工,0,0,1
1层 - 柱模板拼装,结构,柱,4,木工,0,2025/09/03,2025/09/03,"标准层施工, 暑期施工","1, 2, 4, 6",0,m2,否,0小时,0天,"木模板, 铝模板, 塑料模板, 大模板",柱钢筋验收,依赖1个任务,木模板,0,0,1
1层 - 剪力墙模板拼装,结构,剪力墙,4,木工,14994,2025/09/03,2025/09/04,"标准层施工, 暑期施工","1, 3, 5, 7",951.66,m2,否,1天8小时,2天,"木模板, 铝模板, 塑料模板, 大模板",剪力墙钢筋验收,依赖1个任务,木模板,11394,3600,1
1层 - 墙模板验收,,板,,,0,2025/09/04,2025/09/05,"标准层施工, 暑期施工","1, 3, 5, 7, 9",,,否,4小时,1天,人工,剪力墙模板拼装,依赖1个任务,人工,0,0,1
1层 - 柱模板验收,,柱,,,0,2025/09/03,2025/09/03,"标准层施工, 暑期施工","1, 2, 4, 6, 8",,,否,4小时,1天,人工,柱模板拼装,依赖1个任务,人工,0,0,1
1层 - 短肢剪力墙混凝土浇筑,结构,剪力墙,8,混凝土工,38430.73,2025/09/07,2025/09/07,"标准层施工, 暑期施工","1, 3, 5, 7, 9, 10",92.62,m3,否,5小时,1天,"固定泵1个, 固定泵2个, 移动泵1个, 移动泵2个",墙模板验收,依赖1个任务,固定泵1个,37390.7342,1040,1
1层 - 短肢剪力墙混凝土养护,结构,剪力墙,2,不限,2688,2025/09/07,2025/09/12,"标准层施工, 暑期施工","1, 3, 5, 7, 9, 10, 12",,,否,7天,7天,人工,短肢剪力墙混凝土浇筑,依赖1个任务,人工,0,2688,1
1层 - 柱混凝土浇筑,结构,柱,4,混凝土工,0,2025/09/07,2025/09/07,"标准层施工, 暑期施工","1, 2, 4, 6, 8, 11",0,m3,否,0小时,0天,"固定泵1个, 固定泵2个, 移动泵1个, 移动泵2个",柱模板验收,依赖1个任务,固定泵1个,0,0,1
1层 - 柱混凝土养护,结构,柱,2,不限,2688,2025/09/07,2025/09/11,"标准层施工, 暑期施工","1, 2, 4, 6, 8, 11, 14",,,否,7天,7天,人工,柱混凝土浇筑,依赖1个任务,人工,0,2688,1
1层 - 短肢剪力墙模板拆除,结构,剪力墙,4,木工,1800,2025/09/12,2025/09/12,"标准层施工, 暑期施工","1, 3, 5, 7, 9, 10, 12, 13",951.66,m2,否,10小时,1天,人工,短肢剪力墙混凝土养护,依赖1个任务,人工,0,1800,1
1层 - 柱模板拆除,结构,柱,4,木工,0,2025/09/11,2025/09/11,"标准层施工, 暑期施工","1, 2, 4, 6, 8, 11, 14, 15",0,m2,否,0小时,0天,人工,柱混凝土养护,依赖1个任务,人工,0,0,1
1层 - 预制叠合板安装,结构,板,3,不限,12981.55,2025/09/12,2025/09/13,"标准层施工, 暑期施工","1, 2, 3, 4, 5, 6, 7, 8, 9, 10, 11, 12, 13, 14, 15, 16, 17",785.46,m2,否,1天,1天,人工＋机械,"短肢剪力墙模板拆除, 柱模板拆除",依赖2个任务,人工＋机械,12405.546,576,1
1层 - 钢筋桁架楼承板安装,结构,板,3,木工,1620,2025/09/12,2025/09/13,"标准层施工, 暑期施工","1, 2, 3, 4, 5, 6, 7, 8, 9, 10, 11, 12, 13, 14, 15, 16, 17",785.46,m2,否,1天,1天,人工＋机械,"短肢剪力墙模板拆除, 柱模板拆除",依赖2个任务,人工＋机械,0,1620,1
1层 - 梁板模板拼装,结构,梁,4,木工,56577.68,2025/09/12,2025/09/13,"标准层施工, 暑期施工","1, 2, 3, 4, 5, 6, 7, 8, 9, 10, 11, 12, 13, 14, 15, 16, 17",898.8,m2,否,1天2小时,2天,"木模板, 铝模板, 塑料模板, 大模板","短肢剪力墙模板拆除, 柱模板拆除",依赖2个任务,木模板,54057.6773,2520,1
1层 - 楼梯模板拼装,结构,板,4,木工,4444.49,2025/09/12,2025/09/12,"标准层施工, 暑期施工","1, 2, 3, 4, 5, 6, 7, 8, 9, 10, 11, 12, 13, 14, 15, 16, 17",25.25,m2,否,6小时,1天,"木模板, 铝模板, 塑料模板","短肢剪力墙模板拆除, 柱模板拆除",依赖2个任务,木模板,3364.4868,1080,1
1层 - 梁板模板验收,,梁,,,0,2025/09/13,2025/09/13,"标准层施工, 暑期施工","1, 2, 3, 4, 5, 6, 7, 8, 9, 10, 11, 12, 13, 14, 15, 16, 17, 18, 19, 20",,,否,4小时,1天,人工,"预制叠合板安装, 钢筋桁架楼承板安装, 梁板模板拼装",依赖3个任务,人工,0,0,1
1层 - 楼梯模板验收,,板,,,0,2025/09/13,2025/09/13,"标准层施工, 暑期施工","1, 2, 3, 4, 5, 6, 7, 8, 9, 10, 11, 12, 13, 14, 15, 16, 17, 18, 19, 20, 21",,,否,4小时,1天,人工,"预制叠合板安装, 钢筋桁架楼承板安装, 梁板模板拼装, 楼梯模板拼装",依赖4个任务,人工,0,0,1
1层 - 梁板底排钢筋绑扎,结构,梁,6,钢筋工,1890,2025/09/13,2025/09/14,"标准层施工, 暑期施工","1, 2, 3, 4, 5, 6, 7, 8, 9, 10, 11, 12, 13, 14, 15, 16, 17, 18, 19, 20, 22",8.82,吨,否,9小时,1天,人工,梁板模板验收,依赖1个任务,人工,0,1890,1
1层 - 水电管线预留预埋,给排水,其他,1,水电工,240,2025/09/14,2025/09/14,"标准层施工, 暑期施工","1, 2, 3, 4, 5, 6, 7, 8, 9, 10, 11, 12, 13, 14, 15, 16, 17, 18, 19, 20, 22, 24",785.46,m2,否,6小时,1天,人工,梁板底排钢筋绑扎,依赖1个任务,人工,0,240,1
1层 - 楼板上排钢筋绑扎,结构,板,6,钢筋工,1890,2025/09/14,2025/09/14,"标准层施工, 暑期施工","1, 2, 3, 4, 5, 6, 7, 8, 9, 10, 11, 12, 13, 14, 15, 16, 17, 18, 19, 20, 22, 24",8.82,吨,否,9小时,1天,人工,梁板底排钢筋绑扎,依赖1个任务,人工,0,1890,1
1层 - 梁板钢筋验收,,梁,,,0,2025/09/14,2025/09/14,"标准层施工, 暑期施工","1, 2, 3, 4, 5, 6, 7, 8, 9, 10, 11, 12, 13, 14, 15, 16, 17, 18, 19, 20, 22, 24, 26",,,否,4小时,1天,人工,楼板上排钢筋绑扎,依赖1个任务,人工,0,0,1
1层 - 水电验收,,其他,,,0,2025/09/14,2025/09/14,"标准层施工, 暑期施工","1, 2, 3, 4, 5, 6, 7, 8, 9, 10, 11, 12, 13, 14, 15, 16, 17, 18, 19, 20, 22, 24, 25",,,否,4小时,1天,人工,水电管线预留预埋,依赖1个任务,人工,0,0,1
1层 - 梁板混凝土浇筑,结构,梁,8,混凝土工,68563.1,2025/09/14,2025/09/14,"标准层施工, 暑期施工","1, 2, 3, 4, 5, 6, 7, 8, 9, 10, 11, 12, 13, 14, 15, 16, 17, 18, 19, 20, 22, 24, 26, 28",129.06,m3,否,7小时,1天,"木模板, 铝模板, 塑料模板, 大模板","楼板上排钢筋绑扎, 水电验收",依赖2个任务,木模板,67107.0961,1456,1
1层 - 梁板混凝土养护,结构,梁,2,不限,2688,2025/09/14,2025/09/19,"标准层施工, 暑期施工","1, 2, 3, 4, 5, 6, 7, 8, 9, 10, 11, 12, 13, 14, 15, 16, 17, 18, 19, 20, 22, 24, 26, 28, 29",,,否,7天,7天,人工,梁板混凝土浇筑,依赖1个任务,人工,0,2688,1
1层 - 梁板混凝土拆模,结构,梁,4,木工,1800,2025/09/19,2025/09/19,"标准层施工, 暑期施工","1, 2, 3, 4, 5, 6, 7, 8, 9, 10, 11, 12, 13, 14, 15, 16, 17, 18, 19, 20, 22, 24, 26, 28, 30, 30",129.06,m3,否,10小时,1天,人工,梁板混凝土养护,依赖1个任务,人工,0,1800,1
1层 - 隔墙测量放线,建筑,其他,2,测量员,80,2025/09/12,2025/09/12,"标准层施工, 暑期施工","1, 2, 3, 4, 5, 6, 7, 8, 9, 10, 11, 12, 13, 14, 15, 16, 17",785.46,m2,否,2小时,1天,人工,"短肢剪力墙模板拆除, 柱模板拆除",依赖2个任务,人工,0,80,1
1层 - 隔墙墙体砌筑及墙板安装,建筑,板,2,砌筑工,74633.3,2025/09/12,2025/09/16,"标准层施工, 暑期施工","1, 2, 3, 4, 5, 6, 7, 8, 9, 10, 11, 12, 13, 14, 15, 16, 17, 32",60.25,m3,否,6天3小时,7天,"蒸压加气块, 混凝土标准砖, 粘土标准砖, ALC板, 石膏板, 轻质隔墙板",隔墙测量放线,依赖1个任务,蒸压加气块,69833.296,4800,1
1层 - 水电管线预留预埋,给排水,其他,1,水电工,240,2025/09/16,2025/09/17,"标准层施工, 暑期施工","1, 2, 3, 4, 5, 6, 7, 8, 9, 10, 11, 12, 13, 14, 15, 16, 17, 32, 33",785.46,m2,否,6小时,1天,人工,隔墙墙体砌筑及墙板安装,依赖1个任务,人工,0,240,1
1层 - 隔墙墙体砌筑验收,,其他,,,0,2025/09/17,2025/09/17,"标准层施工, 暑期施工","1, 2, 3, 4, 5, 6, 7, 8, 9, 10, 11, 12, 13, 14, 15, 16, 17, 32, 33, 34",,,否,2小时,1天,人工,水电管线预留预埋,依赖1个任务,人工,0,0,1
1层 - 水电验收,,其他,,,0,2025/09/17,2025/09/17,"标准层施工, 暑期施工","1, 2, 3, 4, 5, 6, 7, 8, 9, 10, 11, 12, 13, 14, 15, 16, 17, 32, 33, 35",,,否,2小时,1天,人工,隔墙墙体砌筑验收,依赖1个任务,人工,0,0,1
1层 - 窗框安装,建筑,其他,2,不限,176700.34,2025/09/17,2025/09/17,"标准层施工, 暑期施工","1, 2, 3, 4, 5, 6, 7, 8, 9, 10, 11, 12, 13, 14, 15, 16, 17, 32, 33, 35",190.59,m2,否,4小时,1天,人工,隔墙墙体砌筑验收,依赖1个任务,人工,176572.3413,128,1
1层 - 窗框验收,,其他,,,0,2025/09/17,2025/09/17,"标准层施工, 暑期施工","1, 2, 3, 4, 5, 6, 7, 8, 9, 10, 11, 12, 13, 14, 15, 16, 17, 32, 33, 37",,,否,4小时,1天,人工,窗框安装,依赖1个任务,人工,0,0,1
1层 - 外墙面保温施工,建筑,其他,6,抹灰工,65627.77,2025/09/17,2025/09/27,"标准层施工, 暑期施工","1, 2, 3, 4, 5, 6, 7, 8, 9, 10, 11, 12, 13, 14, 15, 16, 17, 32, 33, 37, 38",340.3,m2,否,16天6小时,17天,人工,窗框验收,依赖1个任务,人工,27611.7719,38016,1
1层 - 外墙面腻子一道,建筑,其他,6,抹灰工,24384,2025/09/27,2025/10/04,"标准层施工, 暑期施工","1, 2, 3, 4, 5, 6, 7, 8, 9, 10, 11, 12, 13, 14, 15, 16, 17, 32, 33, 37, 38, 39",340.3,m2,否,10天7小时,11天,人工,外墙面保温施工,依赖1个任务,人工,0,24384,1
1层 - 外墙面腻子二道,建筑,其他,6,抹灰工,22464,2025/10/04,2025/10/10,"标准层施工, 暑期施工","1, 2, 3, 4, 5, 6, 7, 8, 9, 10, 11, 12, 13, 14, 15, 16, 17, 32, 33, 37, 38, 39, 40",340.3,m2,否,9天9小时,10天,人工,外墙面腻子一道,依赖1个任务,人工,0,22464,1
1层 - 外墙涂料面层,建筑,其他,6,抹灰工,32064,2025/10/10,2025/10/19,"标准层施工, 暑期施工","1, 2, 3, 4, 5, 6, 7, 8, 9, 10, 11, 12, 13, 14, 15, 16, 17, 32, 33, 37, 38, 39, 40, 41",340.3,m2,否,13天11小时,14天,人工,外墙面腻子二道,依赖1个任务,人工,0,32064,1
1层 - 内墙面保温,建筑,其他,6,抹灰工,30070.77,2025/09/17,2025/09/18,"标准层施工, 暑期施工","1, 2, 3, 4, 5, 6, 7, 8, 9, 10, 11, 12, 13, 14, 15, 16, 17, 32, 33, 37, 38",1455.27,m2,否,2天4小时,3天,人工,窗框验收,依赖1个任务,人工,24694.7677,5376,1
1层 - 内墙面抹灰,建筑,其他,6,抹灰工,5376,2025/09/18,2025/09/20,"标准层施工, 暑期施工","1, 2, 3, 4, 5, 6, 7, 8, 9, 10, 11, 12, 13, 14, 15, 16, 17, 32, 33, 37, 38, 43",1455.27,m2,否,2天4小时,3天,人工,内墙面保温,依赖1个任务,人工,0,5376,1
1层 - 外墙面验收,,其他,,,0,2025/10/19,2025/10/19,"标准层施工, 暑期施工","1, 2, 3, 4, 5, 6, 7, 8, 9, 10, 11, 12, 13, 14, 15, 16, 17, 32, 33, 37, 38, 39, 40, 41, 42",,,否,4小时,1天,人工,外墙涂料面层,依赖1个任务,人工,0,0,1
1层 - 内墙面验收,,其他,,,0,2025/09/20,2025/09/20,"标准层施工, 暑期施工","1, 2, 3, 4, 5, 6, 7, 8, 9, 10, 11, 12, 13, 14, 15, 16, 17, 32, 33, 37, 38, 43, 44",,,否,4小时,1天,人工,内墙面抹灰,依赖1个任务,人工,0,0,1
1层 - 有水房间防水施工,建筑,其他,2,防水工,4800,2025/09/20,2025/09/26,"标准层施工, 暑期施工","1, 2, 3, 4, 5, 6, 7, 8, 9, 10, 11, 12, 13, 14, 15, 16, 17, 32, 33, 37, 38, 43, 44, 46",,,否,10天,10天,人工,内墙面验收,依赖1个任务,人工,0,4800,1
1层 - 防水保护层施工,建筑,其他,2,防水工,5760,2025/09/26,2025/10/04,"标准层施工, 暑期施工","1, 2, 3, 4, 5, 6, 7, 8, 9, 10, 11, 12, 13, 14, 15, 16, 17, 32, 33, 37, 38, 43, 44, 46, 47",,,否,12天,12天,人工,有水房间防水施工,依赖1个任务,人工,0,5760,1
1层 - 防水保护层养护,建筑,其他,2,防水工,6720,2025/10/04,2025/10/12,"标准层施工, 暑期施工","1, 2, 3, 4, 5, 6, 7, 8, 9, 10, 11, 12, 13, 14, 15, 16, 17, 32, 33, 37, 38, 43, 44, 46, 47, 48",,,否,14天,14天,人工,防水保护层施工,依赖1个任务,人工,0,6720,1
1层 - 水立管安装与调试,给排水,其他,4,水电工,640,2025/10/13,2025/10/13,"标准层施工, 暑期施工","1, 2, 3, 4, 5, 6, 7, 8, 9, 10, 11, 12, 13, 14, 15, 16, 17, 32, 33, 37, 38, 43, 44, 46, 47, 48, 49",785.46,m2,否,4小时,1天,人工,防水保护层养护,依赖1个任务,人工,0,640,1
1层 - 水干管安装与调试,给排水,其他,4,水电工,1280,2025/10/13,2025/10/13,"标准层施工, 暑期施工","1, 2, 3, 4, 5, 6, 7, 8, 9, 10, 11, 12, 13, 14, 15, 16, 17, 32, 33, 37, 38, 43, 44, 46, 47, 48, 49, 50",785.46,m2,否,8小时,1天,人工,水立管安装与调试,依赖1个任务,人工,0,1280,1
1层 - 水支管安装与调试,给排水,其他,4,水电工,1280,2025/10/13,2025/10/14,"标准层施工, 暑期施工","1, 2, 3, 4, 5, 6, 7, 8, 9, 10, 11, 12, 13, 14, 15, 16, 17, 32, 33, 37, 38, 43, 44, 46, 47, 48, 49, 50, 51",785.46,m2,否,8小时,1天,人工,水干管安装与调试,依赖1个任务,人工,0,1280,1
1层 - 地盘管安装与调试,暖,其他,6,水电工,28320,2025/10/13,2025/10/19,"标准层施工, 暑期施工","1, 2, 3, 4, 5, 6, 7, 8, 9, 10, 11, 12, 13, 14, 15, 16, 17, 32, 33, 37, 38, 43, 44, 46, 47, 48, 49",785.46,m2,否,9天10小时,10天,人工,防水保护层养护,依赖1个任务,人工,0,28320,1
1层 - 水管盘管验收,,其他,,,0,2025/10/19,2025/10/19,"标准层施工, 暑期施工","1, 2, 3, 4, 5, 6, 7, 8, 9, 10, 11, 12, 13, 14, 15, 16, 17, 32, 33, 37, 38, 43, 44, 46, 47, 48, 49, 50, 51, 52, 53",,,否,4小时,1天,人工,"水支管安装与调试, 地盘管安装与调试",依赖2个任务,人工,0,0,1
1层 - 门框安装,建筑,其他,3,不限,480,2025/10/19,2025/10/19,"标准层施工, 暑期施工","1, 2, 3, 4, 5, 6, 7, 8, 9, 10, 11, 12, 13, 14, 15, 16, 17, 32, 33, 37, 38, 43, 44, 46, 47, 48, 49, 50, 51, 52, 53, 54",166.34,m2,否,10小时,1天,人工,水管盘管验收,依赖1个任务,人工,0,480,1
1层 - 门框验收,,其他,,,0,2025/10/20,2025/10/20,"标准层施工, 暑期施工","1, 2, 3, 4, 5, 6, 7, 8, 9, 10, 11, 12, 13, 14, 15, 16, 17, 32, 33, 37, 38, 43, 44, 46, 47, 48, 49, 50, 51, 52, 53, 54, 55",,,否,4小时,1天,人工,门框安装,依赖1个任务,人工,0,0,1
1层 - 楼面基层施工,建筑,其他,2,抹灰工,3072,2025/10/20,2025/10/22,"标准层施工, 暑期施工","1, 2, 3, 4, 5, 6, 7, 8, 9, 10, 11, 12, 13, 14, 15, 16, 17, 32, 33, 37, 38, 43, 44, 46, 47, 48, 49, 50, 51, 52, 53, 54, 55, 56",785.46,m2,否,4天,4天,人工,门框验收,依赖1个任务,人工,0,3072,1
1层 - 穿带线安装,电,其他,2,水电工,8640,2025/10/22,2025/10/28,"标准层施工, 暑期施工","1, 2, 3, 4, 5, 6, 7, 8, 9, 10, 11, 12, 13, 14, 15, 16, 17, 32, 33, 37, 38, 43, 44, 46, 47, 48, 49, 50, 51, 52, 53, 54, 55, 56, 57",785.46,m2,否,9天,9天,人工,楼面基层施工,依赖1个任务,人工,0,8640,1
1层 - 电箱安装,电,其他,2,水电工,8640,2025/10/28,2025/11/03,"标准层施工, 暑期施工","1, 2, 3, 4, 5, 6, 7, 8, 9, 10, 11, 12, 13, 14, 15, 16, 17, 32, 33, 37, 38, 43, 44, 46, 47, 48, 49, 50, 51, 52, 53, 54, 55, 56, 57, 58",785.46,m2,否,9天,9天,人工,穿带线安装,依赖1个任务,人工,0,8640,1
1层 - 电盒安装,电,其他,2,水电工,8640,2025/11/03,2025/11/08,"标准层施工, 暑期施工","1, 2, 3, 4, 5, 6, 7, 8, 9, 10, 11, 12, 13, 14, 15, 16, 17, 32, 33, 37, 38, 43, 44, 46, 47, 48, 49, 50, 51, 52, 53, 54, 55, 56, 57, 58, 59",785.46,m2,否,9天,9天,人工,电箱安装,依赖1个任务,人工,0,8640,1
1层 - 穿带线、电箱、电盒验收,电,其他,,,0,2025/11/08,2025/11/08,"标准层施工, 暑期施工","1, 2, 3, 4, 5, 6, 7, 8, 9, 10, 11, 12, 13, 14, 15, 16, 17, 32, 33, 37, 38, 43, 44, 46, 47, 48, 49, 50, 51, 52, 53, 54, 55, 56, 57, 58, 59, 60",,,否,4小时,1天,人工,电盒安装,依赖1个任务,人工,0,0,1
1层 - 门窗扇五金安装,建筑,其他,2,不限,2240,2025/11/08,2025/11/12,"标准层施工, 暑期施工","1, 2, 3, 4, 5, 6, 7, 8, 9, 10, 11, 12, 13, 14, 15, 16, 17, 32, 33, 37, 38, 43, 44, 46, 47, 48, 49, 50, 51, 52, 53, 54, 55, 56, 57, 58, 59, 60",356.93,m2,否,5天10小时,6天,人工,电盒安装,依赖1个任务,人工,0,2240,1
1层 - 顶棚腻子,建筑,其他,3,抹灰工,3456,2025/11/08,2025/11/10,"标准层施工, 暑期施工","1, 2, 3, 4, 5, 6, 7, 8, 9, 10, 11, 12, 13, 14, 15, 16, 17, 32, 33, 37, 38, 43, 44, 46, 47, 48, 49, 50, 51, 52, 53, 54, 55, 56, 57, 58, 59, 61",785.46,m2,否,3天,3天,人工,穿带线、电箱、电盒验收,依赖1个任务,人工,0,3456,1
1层 - 墙面石膏、腻子,建筑,其他,5,抹灰工,11040,2025/11/10,2025/11/14,"标准层施工, 暑期施工","1, 2, 3, 4, 5, 6, 7, 8, 9, 10, 11, 12, 13, 14, 15, 16, 17, 32, 33, 37, 38, 43, 44, 46, 47, 48, 49, 50, 51, 52, 53, 54, 55, 56, 57, 58, 59, 60, 63",1455.27,m2,否,5天9小时,6天,人工,顶棚腻子,依赖1个任务,人工,0,11040,1
1层 - 电线、电缆安装,电,其他,2,抹灰工,9216,2025/11/14,2025/11/21,"标准层施工, 暑期施工","1, 2, 3, 4, 5, 6, 7, 8, 9, 10, 11, 12, 13, 14, 15, 16, 17, 32, 33, 37, 38, 43, 44, 46, 47, 48, 49, 50, 51, 52, 53, 54, 55, 56, 57, 58, 59, 60, 63, 64",785.46,m2,否,12天,12天,人工,墙面石膏、腻子,依赖1个任务,人工,0,9216,1
1层 - 楼面面层抹灰,建筑,其他,3,水电工,2880,2025/11/21,2025/11/23,"标准层施工, 暑期施工","1, 2, 3, 4, 5, 6, 7, 8, 9, 10, 11, 12, 13, 14, 15, 16, 17, 32, 33, 37, 38, 43, 44, 46, 47, 48, 49, 50, 51, 52, 53, 54, 55, 56, 57, 58, 59, 60, 63, 64, 65",785.46,m2,否,2天,2天,人工,电线、电缆安装,依赖1个任务,人工,0,2880,1
1层 - 面砖铺贴,建筑,其他,5,砌筑工,3840,2025/11/23,2025/11/24,"标准层施工, 暑期施工","1, 2, 3, 4, 5, 6, 7, 8, 9, 10, 11, 12, 13, 14, 15, 16, 17, 32, 33, 37, 38, 43, 44, 46, 47, 48, 49, 50, 51, 52, 53, 54, 55, 56, 57, 58, 59, 60, 63, 64, 65, 66",785.46,m2,否,2天,2天,人工,楼面面层抹灰,依赖1个任务,人工,0,3840,1
1层 - 开关面板安装,电,板,2,水电工,7680,2025/11/24,2025/11/29,"标准层施工, 暑期施工","1, 2, 3, 4, 5, 6, 7, 8, 9, 10, 11, 12, 13, 14, 15, 16, 17, 32, 33, 37, 38, 43, 44, 46, 47, 48, 49, 50, 51, 52, 53, 54, 55, 56, 57, 58, 59, 60, 63, 64, 65, 66, 67",,,否,8天,8天,人工,面砖铺贴,依赖1个任务,人工,0,7680,1
1层 - 顶棚壁纸施工,建筑,其他,2,抹灰工,1536,2025/11/29,2025/11/30,"标准层施工, 暑期施工","1, 2, 3, 4, 5, 6, 7, 8, 9, 10, 11, 12, 13, 14, 15, 16, 17, 32, 33, 37, 38, 43, 44, 46, 47, 48, 49, 50, 51, 52, 53, 54, 55, 56, 57, 58, 59, 60, 63, 64, 65, 66, 67, 68",785.46,m2,否,2天,2天,人工,开关面板安装,依赖1个任务,人工,0,1536,1
1层 - 内墙面涂料、壁纸施工,建筑,其他,4,抹灰工,8832,2025/11/30,2025/12/04,"标准层施工, 暑期施工","1, 2, 3, 4, 5, 6, 7, 8, 9, 10, 11, 12, 13, 14, 15, 16, 17, 32, 33, 37, 38, 43, 44, 46, 47, 48, 49, 50, 51, 52, 53, 54, 55, 56, 57, 58, 59, 60, 63, 64, 65, 66, 67, 68, 69",1455.27,m2,否,5天9小时,6天,人工,顶棚壁纸施工,依赖1个任务,人工,0,8832,1
1层 - 灯具安装,电,其他,2,水电工,960,2025/12/04,2025/12/04,"标准层施工, 暑期施工","1, 2, 3, 4, 5, 6, 7, 8, 9, 10, 11, 12, 13, 14, 15, 16, 17, 32, 33, 37, 38, 43, 44, 46, 47, 48, 49, 50, 51, 52, 53, 54, 55, 56, 57, 58, 59, 60, 63, 64, 65, 66, 67, 68, 69, 70",,,否,1天,1天,人工,内墙面涂料、壁纸施工,依赖1个任务,人工,0,960,1
1层 - 洁具安装,给排水,其他,2,水电工,960,2025/12/04,2025/12/04,"标准层施工, 暑期施工","1, 2, 3, 4, 5, 6, 7, 8, 9, 10, 11, 12, 13, 14, 15, 16, 17, 32, 33, 37, 38, 43, 44, 46, 47, 48, 49, 50, 51, 52, 53, 54, 55, 56, 57, 58, 59, 60, 63, 64, 65, 66, 67, 68, 69, 70",,,否,1天,1天,人工,内墙面涂料、壁纸施工,依赖1个任务,人工,0,960,1
1层 - 公共部位楼梯栏杆安装,建筑,其他,2,不限,384,2025/12/04,2025/12/04,"标准层施工, 暑期施工","1, 2, 3, 4, 5, 6, 7, 8, 9, 10, 11, 12, 13, 14, 15, 16, 17, 32, 33, 37, 38, 43, 44, 46, 47, 48, 49, 50, 51, 52, 53, 54, 55, 56, 57, 58, 59, 60, 63, 64, 65, 66, 67, 68, 69, 70",,,否,1天,1天,人工,内墙面涂料、壁纸施工,依赖1个任务,人工,0,384,1
1层 - 消防系统安装,,其他,,,0,2025/12/04,2025/12/19,"标准层施工, 暑期施工","1, 2, 3, 4, 5, 6, 7, 8, 9, 10, 11, 12, 13, 14, 15, 16, 17, 32, 33, 37, 38, 43, 44, 46, 47, 48, 49, 50, 51, 52, 53, 54, 55, 56, 57, 58, 59, 60, 63, 64, 65, 66, 67, 68, 69, 70",785.46,m2,否,25天,25天,人工,内墙面涂料、壁纸施工,依赖1个任务,人工,0,0,1
1层 - 弱电及智能系统安装,,其他,,,0,2025/12/04,2025/12/16,"标准层施工, 暑期施工","1, 2, 3, 4, 5, 6, 7, 8, 9, 10, 11, 12, 13, 14, 15, 16, 17, 32, 33, 37, 38, 43, 44, 46, 47, 48, 49, 50, 51, 52, 53, 54, 55, 56, 57, 58, 59, 60, 63, 64, 65, 66, 67, 68, 69, 70",785.46,m2,否,20天,20天,人工,内墙面涂料、壁纸施工,依赖1个任务,人工,0,0,1
2层 - 柱、墙、梁、板钢筋制作,,柱,3,钢筋工,118729,2025/12/19,2025/12/21,"标准层施工, 暑期施工",,25.61,吨,否,2天9小时,3天,人工制作,无,,人工制作,115264,3465,2
2层 - 柱测量放线,结构,柱,2,测量员,80,2025/12/19,2025/12/19,"标准层施工, 暑期施工",,785.46,m2,否,2小时,1天,水准仪,无,,水准仪,0,80,2
2层 - 剪力墙放线,结构,剪力墙,2,测量员,80,2025/12/19,2025/12/19,"标准层施工, 暑期施工",,785.46,m2,否,2小时,1天,水准仪,无,,水准仪,0,80,2
2层 - 柱钢筋绑扎,结构,柱,8,钢筋工,0,2025/12/21,2025/12/21,"标准层施工, 暑期施工","1, 2",0,吨,否,0小时,0天,人工,"柱、墙、梁、板钢筋制作, 柱测量放线",依赖2个任务,人工,0,0,2
2层 - 短肢剪力墙钢筋绑扎,结构,剪力墙,8,钢筋工,3360,2025/12/21,2025/12/22,"标准层施工, 暑期施工","1, 3",8.28,吨,否,1天,1天,人工,"柱、墙、梁、板钢筋制作, 剪力墙放线",依赖2个任务,人工,0,3360,2
2层 - 柱钢筋验收,,柱,,,0,2025/12/21,2025/12/21,"标准层施工, 暑期施工","1, 2, 4",,,否,4小时,1天,人工,柱钢筋绑扎,依赖1个任务,人工,0,0,2
2层 - 剪力墙钢筋验收,,剪力墙,,,0,2025/12/22,2025/12/22,"标准层施工, 暑期施工","1, 2, 5",,,否,4小时,1天,人工,"柱测量放线, 短肢剪力墙钢筋绑扎",依赖2个任务,人工,0,0,2
2层 - 柱模板拼装,结构,柱,4,木工,0,2025/12/21,2025/12/21,"标准层施工, 暑期施工","1, 2, 4, 6",0,m2,否,0小时,0天,"木模板, 铝模板, 塑料模板, 大模板",柱钢筋验收,依赖1个任务,木模板,0,0,2
2层 - 剪力墙模板拼装,结构,剪力墙,4,木工,14994,2025/12/22,2025/12/23,"标准层施工, 暑期施工","1, 3, 5, 7",951.66,m2,否,1天8小时,2天,"木模板, 铝模板, 塑料模板, 大模板",剪力墙钢筋验收,依赖1个任务,木模板,11394,3600,2
2层 - 墙模板验收,,板,,,0,2025/12/23,2025/12/23,"标准层施工, 暑期施工","1, 3, 5, 7, 9",,,否,4小时,1天,人工,剪力墙模板拼装,依赖1个任务,人工,0,0,2
2层 - 柱模板验收,,柱,,,0,2025/12/21,2025/12/21,"标准层施工, 暑期施工","1, 2, 4, 6, 8",,,否,4小时,1天,人工,柱模板拼装,依赖1个任务,人工,0,0,2
2层 - 短肢剪力墙混凝土浇筑,结构,剪力墙,8,混凝土工,38430.73,2025/12/26,2025/12/26,"标准层施工, 暑期施工","1, 3, 5, 7, 9, 10",92.62,m3,否,5小时,1天,"固定泵1个, 固定泵2个, 移动泵1个, 移动泵2个",墙模板验收,依赖1个任务,固定泵1个,37390.7342,1040,2
2层 - 短肢剪力墙混凝土养护,结构,剪力墙,2,不限,2688,2025/12/26,2025/12/30,"标准层施工, 暑期施工","1, 3, 5, 7, 9, 10, 12",,,否,7天,7天,人工,短肢剪力墙混凝土浇筑,依赖1个任务,人工,0,2688,2
2层 - 柱混凝土浇筑,结构,柱,4,混凝土工,0,2025/12/26,2025/12/25,"标准层施工, 暑期施工","1, 2, 4, 6, 8, 11",0,m3,否,0小时,0天,"固定泵1个, 固定泵2个, 移动泵1个, 移动泵2个",柱模板验收,依赖1个任务,固定泵1个,0,0,2
2层 - 柱混凝土养护,结构,柱,2,不限,2688,2025/12/26,2025/12/30,"标准层施工, 暑期施工","1, 2, 4, 6, 8, 11, 14",,,否,7天,7天,人工,柱混凝土浇筑,依赖1个任务,人工,0,2688,2
2层 - 短肢剪力墙模板拆除,结构,剪力墙,4,木工,1800,2025/12/30,2025/12/31,"标准层施工, 暑期施工","1, 3, 5, 7, 9, 10, 12, 13",951.66,m2,否,10小时,1天,人工,短肢剪力墙混凝土养护,依赖1个任务,人工,0,1800,2
2层 - 柱模板拆除,结构,柱,4,木工,0,2025/12/30,2025/12/30,"标准层施工, 暑期施工","1, 2, 4, 6, 8, 11, 14, 15",0,m2,否,0小时,0天,人工,柱混凝土养护,依赖1个任务,人工,0,0,2
2层 - 预制叠合板安装,结构,板,3,不限,12981.55,2025/12/31,2025/12/31,"标准层施工, 暑期施工","1, 2, 3, 4, 5, 6, 7, 8, 9, 10, 11, 12, 13, 14, 15, 16, 17",785.46,m2,否,1天,1天,人工＋机械,"短肢剪力墙模板拆除, 柱模板拆除",依赖2个任务,人工＋机械,12405.546,576,2
2层 - 钢筋桁架楼承板安装,结构,板,3,木工,1620,2025/12/31,2025/12/31,"标准层施工, 暑期施工","1, 2, 3, 4, 5, 6, 7, 8, 9, 10, 11, 12, 13, 14, 15, 16, 17",785.46,m2,否,1天,1天,人工＋机械,"短肢剪力墙模板拆除, 柱模板拆除",依赖2个任务,人工＋机械,0,1620,2
2层 - 梁板模板拼装,结构,梁,4,木工,56577.68,2025/12/31,2025/12/31,"标准层施工, 暑期施工","1, 2, 3, 4, 5, 6, 7, 8, 9, 10, 11, 12, 13, 14, 15, 16, 17",898.8,m2,否,1天2小时,2天,"木模板, 铝模板, 塑料模板, 大模板","短肢剪力墙模板拆除, 柱模板拆除",依赖2个任务,木模板,54057.6773,2520,2
2层 - 楼梯模板拼装,结构,板,4,木工,4444.49,2025/12/31,2025/12/31,"标准层施工, 暑期施工","1, 2, 3, 4, 5, 6, 7, 8, 9, 10, 11, 12, 13, 14, 15, 16, 17",25.25,m2,否,6小时,1天,"木模板, 铝模板, 塑料模板","短肢剪力墙模板拆除, 柱模板拆除",依赖2个任务,木模板,3364.4868,1080,2
2层 - 梁板模板验收,,梁,,,0,2025/12/31,2026/01/01,"标准层施工, 暑期施工","1, 2, 3, 4, 5, 6, 7, 8, 9, 10, 11, 12, 13, 14, 15, 16, 17, 18, 19, 20",,,否,4小时,1天,人工,"预制叠合板安装, 钢筋桁架楼承板安装, 梁板模板拼装",依赖3个任务,人工,0,0,2
2层 - 楼梯模板验收,,板,,,0,2025/12/31,2026/01/01,"标准层施工, 暑期施工","1, 2, 3, 4, 5, 6, 7, 8, 9, 10, 11, 12, 13, 14, 15, 16, 17, 18, 19, 20, 21",,,否,4小时,1天,人工,"预制叠合板安装, 钢筋桁架楼承板安装, 梁板模板拼装, 楼梯模板拼装",依赖4个任务,人工,0,0,2
2层 - 梁板底排钢筋绑扎,结构,梁,6,钢筋工,1890,2026/01/01,2026/01/01,"标准层施工, 暑期施工","1, 2, 3, 4, 5, 6, 7, 8, 9, 10, 11, 12, 13, 14, 15, 16, 17, 18, 19, 20, 22",8.82,吨,否,9小时,1天,人工,梁板模板验收,依赖1个任务,人工,0,1890,2
2层 - 水电管线预留预埋,给排水,其他,1,水电工,240,2026/01/01,2026/01/01,"标准层施工, 暑期施工","1, 2, 3, 4, 5, 6, 7, 8, 9, 10, 11, 12, 13, 14, 15, 16, 17, 18, 19, 20, 22, 24",785.46,m2,否,6小时,1天,人工,梁板底排钢筋绑扎,依赖1个任务,人工,0,240,2
2层 - 楼板上排钢筋绑扎,结构,板,6,钢筋工,1890,2026/01/01,2026/01/02,"标准层施工, 暑期施工","1, 2, 3, 4, 5, 6, 7, 8, 9, 10, 11, 12, 13, 14, 15, 16, 17, 18, 19, 20, 22, 24",8.82,吨,否,9小时,1天,人工,梁板底排钢筋绑扎,依赖1个任务,人工,0,1890,2
2层 - 梁板钢筋验收,,梁,,,0,2026/01/02,2026/01/02,"标准层施工, 暑期施工","1, 2, 3, 4, 5, 6, 7, 8, 9, 10, 11, 12, 13, 14, 15, 16, 17, 18, 19, 20, 22, 24, 26",,,否,4小时,1天,人工,楼板上排钢筋绑扎,依赖1个任务,人工,0,0,2
2层 - 水电验收,,其他,,,0,2026/01/02,2026/01/02,"标准层施工, 暑期施工","1, 2, 3, 4, 5, 6, 7, 8, 9, 10, 11, 12, 13, 14, 15, 16, 17, 18, 19, 20, 22, 24, 25",,,否,4小时,1天,人工,水电管线预留预埋,依赖1个任务,人工,0,0,2
2层 - 梁板混凝土浇筑,结构,梁,8,混凝土工,68563.1,2026/01/02,2026/01/02,"标准层施工, 暑期施工","1, 2, 3, 4, 5, 6, 7, 8, 9, 10, 11, 12, 13, 14, 15, 16, 17, 18, 19, 20, 22, 24, 26, 28",129.06,m3,否,7小时,1天,"木模板, 铝模板, 塑料模板, 大模板","楼板上排钢筋绑扎, 水电验收",依赖2个任务,木模板,67107.0961,1456,2
2层 - 梁板混凝土养护,结构,梁,2,不限,2688,2026/01/02,2026/01/06,"标准层施工, 暑期施工","1, 2, 3, 4, 5, 6, 7, 8, 9, 10, 11, 12, 13, 14, 15, 16, 17, 18, 19, 20, 22, 24, 26, 28, 29",,,否,7天,7天,人工,梁板混凝土浇筑,依赖1个任务,人工,0,2688,2
2层 - 梁板混凝土拆模,结构,梁,4,木工,1800,2026/01/06,2026/01/07,"标准层施工, 暑期施工","1, 2, 3, 4, 5, 6, 7, 8, 9, 10, 11, 12, 13, 14, 15, 16, 17, 18, 19, 20, 22, 24, 26, 28, 30, 30",129.06,m3,否,10小时,1天,人工,梁板混凝土养护,依赖1个任务,人工,0,1800,2
2层 - 隔墙测量放线,建筑,其他,2,测量员,80,2025/12/31,2025/12/31,"标准层施工, 暑期施工","1, 2, 3, 4, 5, 6, 7, 8, 9, 10, 11, 12, 13, 14, 15, 16, 17",785.46,m2,否,2小时,1天,人工,"短肢剪力墙模板拆除, 柱模板拆除",依赖2个任务,人工,0,80,2
2层 - 隔墙墙体砌筑及墙板安装,建筑,板,2,砌筑工,74633.3,2025/12/31,2026/01/04,"标准层施工, 暑期施工","1, 2, 3, 4, 5, 6, 7, 8, 9, 10, 11, 12, 13, 14, 15, 16, 17, 32",60.25,m3,否,6天3小时,7天,"蒸压加气块, 混凝土标准砖, 粘土标准砖, ALC板, 石膏板, 轻质隔墙板",隔墙测量放线,依赖1个任务,蒸压加气块,69833.296,4800,2
2层 - 水电管线预留预埋,给排水,其他,1,水电工,240,2026/01/04,2026/01/04,"标准层施工, 暑期施工","1, 2, 3, 4, 5, 6, 7, 8, 9, 10, 11, 12, 13, 14, 15, 16, 17, 32, 33",785.46,m2,否,6小时,1天,人工,隔墙墙体砌筑及墙板安装,依赖1个任务,人工,0,240,2
2层 - 隔墙墙体砌筑验收,,其他,,,0,2026/01/04,2026/01/04,"标准层施工, 暑期施工","1, 2, 3, 4, 5, 6, 7, 8, 9, 10, 11, 12, 13, 14, 15, 16, 17, 32, 33, 34",,,否,2小时,1天,人工,水电管线预留预埋,依赖1个任务,人工,0,0,2
2层 - 水电验收,,其他,,,0,2026/01/04,2026/01/04,"标准层施工, 暑期施工","1, 2, 3, 4, 5, 6, 7, 8, 9, 10, 11, 12, 13, 14, 15, 16, 17, 32, 33, 35",,,否,2小时,1天,人工,隔墙墙体砌筑验收,依赖1个任务,人工,0,0,2
2层 - 窗框安装,建筑,其他,2,不限,176700.34,2026/01/04,2026/01/04,"标准层施工, 暑期施工","1, 2, 3, 4, 5, 6, 7, 8, 9, 10, 11, 12, 13, 14, 15, 16, 17, 32, 33, 35",190.59,m2,否,4小时,1天,人工,隔墙墙体砌筑验收,依赖1个任务,人工,176572.3413,128,2
2层 - 窗框验收,,其他,,,0,2026/01/04,2026/01/04,"标准层施工, 暑期施工","1, 2, 3, 4, 5, 6, 7, 8, 9, 10, 11, 12, 13, 14, 15, 16, 17, 32, 33, 37",,,否,4小时,1天,人工,窗框安装,依赖1个任务,人工,0,0,2
2层 - 外墙面保温施工,建筑,其他,6,抹灰工,65627.77,2026/01/05,2026/01/15,"标准层施工, 暑期施工","1, 2, 3, 4, 5, 6, 7, 8, 9, 10, 11, 12, 13, 14, 15, 16, 17, 32, 33, 37, 38",340.3,m2,否,16天6小时,17天,人工,窗框验收,依赖1个任务,人工,27611.7719,38016,2
2层 - 外墙面腻子一道,建筑,其他,6,抹灰工,24384,2026/01/15,2026/01/22,"标准层施工, 暑期施工","1, 2, 3, 4, 5, 6, 7, 8, 9, 10, 11, 12, 13, 14, 15, 16, 17, 32, 33, 37, 38, 39",340.3,m2,否,10天7小时,11天,人工,外墙面保温施工,依赖1个任务,人工,0,24384,2
2层 - 外墙面腻子二道,建筑,其他,6,抹灰工,22464,2026/01/22,2026/01/28,"标准层施工, 暑期施工","1, 2, 3, 4, 5, 6, 7, 8, 9, 10, 11, 12, 13, 14, 15, 16, 17, 32, 33, 37, 38, 39, 40",340.3,m2,否,9天9小时,10天,人工,外墙面腻子一道,依赖1个任务,人工,0,22464,2
2层 - 外墙涂料面层,建筑,其他,6,抹灰工,32064,2026/01/28,2026/02/05,"标准层施工, 暑期施工","1, 2, 3, 4, 5, 6, 7, 8, 9, 10, 11, 12, 13, 14, 15, 16, 17, 32, 33, 37, 38, 39, 40, 41",340.3,m2,否,13天11小时,14天,人工,外墙面腻子二道,依赖1个任务,人工,0,32064,2
2层 - 内墙面保温,建筑,其他,6,抹灰工,30070.77,2026/01/05,2026/01/06,"标准层施工, 暑期施工","1, 2, 3, 4, 5, 6, 7, 8, 9, 10, 11, 12, 13, 14, 15, 16, 17, 32, 33, 37, 38",1455.27,m2,否,2天4小时,3天,人工,窗框验收,依赖1个任务,人工,24694.7677,5376,2
2层 - 内墙面抹灰,建筑,其他,6,抹灰工,5376,2026/01/06,2026/01/07,"标准层施工, 暑期施工","1, 2, 3, 4, 5, 6, 7, 8, 9, 10, 11, 12, 13, 14, 15, 16, 17, 32, 33, 37, 38, 43",1455.27,m2,否,2天4小时,3天,人工,内墙面保温,依赖1个任务,人工,0,5376,2
2层 - 外墙面验收,,其他,,,0,2026/02/05,2026/02/06,"标准层施工, 暑期施工","1, 2, 3, 4, 5, 6, 7, 8, 9, 10, 11, 12, 13, 14, 15, 16, 17, 32, 33, 37, 38, 39, 40, 41, 42",,,否,4小时,1天,人工,外墙涂料面层,依赖1个任务,人工,0,0,2
2层 - 内墙面验收,,其他,,,0,2026/01/07,2026/01/08,"标准层施工, 暑期施工","1, 2, 3, 4, 5, 6, 7, 8, 9, 10, 11, 12, 13, 14, 15, 16, 17, 32, 33, 37, 38, 43, 44",,,否,4小时,1天,人工,内墙面抹灰,依赖1个任务,人工,0,0,2
2层 - 有水房间防水施工,建筑,其他,2,防水工,4800,2026/01/08,2026/01/14,"标准层施工, 暑期施工","1, 2, 3, 4, 5, 6, 7, 8, 9, 10, 11, 12, 13, 14, 15, 16, 17, 32, 33, 37, 38, 43, 44, 46",,,否,10天,10天,人工,内墙面验收,依赖1个任务,人工,0,4800,2
2层 - 防水保护层施工,建筑,其他,2,防水工,5760,2026/01/14,2026/01/21,"标准层施工, 暑期施工","1, 2, 3, 4, 5, 6, 7, 8, 9, 10, 11, 12, 13, 14, 15, 16, 17, 32, 33, 37, 38, 43, 44, 46, 47",,,否,12天,12天,人工,有水房间防水施工,依赖1个任务,人工,0,5760,2
2层 - 防水保护层养护,建筑,其他,2,防水工,6720,2026/01/22,2026/01/30,"标准层施工, 暑期施工","1, 2, 3, 4, 5, 6, 7, 8, 9, 10, 11, 12, 13, 14, 15, 16, 17, 32, 33, 37, 38, 43, 44, 46, 47, 48",,,否,14天,14天,人工,防水保护层施工,依赖1个任务,人工,0,6720,2
2层 - 水立管安装与调试,给排水,其他,4,水电工,640,2026/01/30,2026/01/30,"标准层施工, 暑期施工","1, 2, 3, 4, 5, 6, 7, 8, 9, 10, 11, 12, 13, 14, 15, 16, 17, 32, 33, 37, 38, 43, 44, 46, 47, 48, 49",785.46,m2,否,4小时,1天,人工,防水保护层养护,依赖1个任务,人工,0,640,2
2层 - 水干管安装与调试,给排水,其他,4,水电工,1280,2026/01/30,2026/01/31,"标准层施工, 暑期施工","1, 2, 3, 4, 5, 6, 7, 8, 9, 10, 11, 12, 13, 14, 15, 16, 17, 32, 33, 37, 38, 43, 44, 46, 47, 48, 49, 50",785.46,m2,否,8小时,1天,人工,水立管安装与调试,依赖1个任务,人工,0,1280,2
2层 - 水支管安装与调试,给排水,其他,4,水电工,1280,2026/01/31,2026/01/31,"标准层施工, 暑期施工","1, 2, 3, 4, 5, 6, 7, 8, 9, 10, 11, 12, 13, 14, 15, 16, 17, 32, 33, 37, 38, 43, 44, 46, 47, 48, 49, 50, 51",785.46,m2,否,8小时,1天,人工,水干管安装与调试,依赖1个任务,人工,0,1280,2
2层 - 地盘管安装与调试,暖,其他,6,水电工,28320,2026/01/30,2026/02/05,"标准层施工, 暑期施工","1, 2, 3, 4, 5, 6, 7, 8, 9, 10, 11, 12, 13, 14, 15, 16, 17, 32, 33, 37, 38, 43, 44, 46, 47, 48, 49",785.46,m2,否,9天10小时,10天,人工,防水保护层养护,依赖1个任务,人工,0,28320,2
2层 - 水管盘管验收,,其他,,,0,2026/02/05,2026/02/06,"标准层施工, 暑期施工","1, 2, 3, 4, 5, 6, 7, 8, 9, 10, 11, 12, 13, 14, 15, 16, 17, 32, 33, 37, 38, 43, 44, 46, 47, 48, 49, 50, 51, 52, 53",,,否,4小时,1天,人工,"水支管安装与调试, 地盘管安装与调试",依赖2个任务,人工,0,0,2
2层 - 门框安装,建筑,其他,3,不限,480,2026/02/06,2026/02/06,"标准层施工, 暑期施工","1, 2, 3, 4, 5, 6, 7, 8, 9, 10, 11, 12, 13, 14, 15, 16, 17, 32, 33, 37, 38, 43, 44, 46, 47, 48, 49, 50, 51, 52, 53, 54",166.34,m2,否,10小时,1天,人工,水管盘管验收,依赖1个任务,人工,0,480,2
2层 - 门框验收,,其他,,,0,2026/02/06,2026/02/06,"标准层施工, 暑期施工","1, 2, 3, 4, 5, 6, 7, 8, 9, 10, 11, 12, 13, 14, 15, 16, 17, 32, 33, 37, 38, 43, 44, 46, 47, 48, 49, 50, 51, 52, 53, 54, 55",,,否,4小时,1天,人工,门框安装,依赖1个任务,人工,0,0,2
2层 - 楼面基层施工,建筑,其他,2,抹灰工,3072,2026/02/06,2026/02/09,"标准层施工, 暑期施工","1, 2, 3, 4, 5, 6, 7, 8, 9, 10, 11, 12, 13, 14, 15, 16, 17, 32, 33, 37, 38, 43, 44, 46, 47, 48, 49, 50, 51, 52, 53, 54, 55, 56",785.46,m2,否,4天,4天,人工,门框验收,依赖1个任务,人工,0,3072,2
2层 - 穿带线安装,电,其他,2,水电工,8640,2026/02/09,2026/02/15,"标准层施工, 暑期施工","1, 2, 3, 4, 5, 6, 7, 8, 9, 10, 11, 12, 13, 14, 15, 16, 17, 32, 33, 37, 38, 43, 44, 46, 47, 48, 49, 50, 51, 52, 53, 54, 55, 56, 57",785.46,m2,否,9天,9天,人工,楼面基层施工,依赖1个任务,人工,0,8640,2
2层 - 电箱安装,电,其他,2,水电工,8640,2026/02/15,2026/02/20,"标准层施工, 暑期施工","1, 2, 3, 4, 5, 6, 7, 8, 9, 10, 11, 12, 13, 14, 15, 16, 17, 32, 33, 37, 38, 43, 44, 46, 47, 48, 49, 50, 51, 52, 53, 54, 55, 56, 57, 58",785.46,m2,否,9天,9天,人工,穿带线安装,依赖1个任务,人工,0,8640,2
2层 - 电盒安装,电,其他,2,水电工,8640,2026/02/20,2026/02/26,"标准层施工, 暑期施工","1, 2, 3, 4, 5, 6, 7, 8, 9, 10, 11, 12, 13, 14, 15, 16, 17, 32, 33, 37, 38, 43, 44, 46, 47, 48, 49, 50, 51, 52, 53, 54, 55, 56, 57, 58, 59",785.46,m2,否,9天,9天,人工,电箱安装,依赖1个任务,人工,0,8640,2
2层 - 穿带线、电箱、电盒验收,电,其他,,,0,2026/02/26,2026/02/26,"标准层施工, 暑期施工","1, 2, 3, 4, 5, 6, 7, 8, 9, 10, 11, 12, 13, 14, 15, 16, 17, 32, 33, 37, 38, 43, 44, 46, 47, 48, 49, 50, 51, 52, 53, 54, 55, 56, 57, 58, 59, 60",,,否,4小时,1天,人工,电盒安装,依赖1个任务,人工,0,0,2
2层 - 门窗扇五金安装,建筑,其他,2,不限,2240,2026/02/26,2026/03/01,"标准层施工, 暑期施工","1, 2, 3, 4, 5, 6, 7, 8, 9, 10, 11, 12, 13, 14, 15, 16, 17, 32, 33, 37, 38, 43, 44, 46, 47, 48, 49, 50, 51, 52, 53, 54, 55, 56, 57, 58, 59, 60",356.93,m2,否,5天10小时,6天,人工,电盒安装,依赖1个任务,人工,0,2240,2
2层 - 顶棚腻子,建筑,其他,3,抹灰工,3456,2026/02/26,2026/02/28,"标准层施工, 暑期施工","1, 2, 3, 4, 5, 6, 7, 8, 9, 10, 11, 12, 13, 14, 15, 16, 17, 32, 33, 37, 38, 43, 44, 46, 47, 48, 49, 50, 51, 52, 53, 54, 55, 56, 57, 58, 59, 61",785.46,m2,否,3天,3天,人工,穿带线、电箱、电盒验收,依赖1个任务,人工,0,3456,2
2层 - 墙面石膏、腻子,建筑,其他,5,抹灰工,11040,2026/02/28,2026/03/03,"标准层施工, 暑期施工","1, 2, 3, 4, 5, 6, 7, 8, 9, 10, 11, 12, 13, 14, 15, 16, 17, 32, 33, 37, 38, 43, 44, 46, 47, 48, 49, 50, 51, 52, 53, 54, 55, 56, 57, 58, 59, 60, 63",1455.27,m2,否,5天9小时,6天,人工,顶棚腻子,依赖1个任务,人工,0,11040,2
2层 - 电线、电缆安装,电,其他,2,抹灰工,9216,2026/03/03,2026/03/11,"标准层施工, 暑期施工","1, 2, 3, 4, 5, 6, 7, 8, 9, 10, 11, 12, 13, 14, 15, 16, 17, 32, 33, 37, 38, 43, 44, 46, 47, 48, 49, 50, 51, 52, 53, 54, 55, 56, 57, 58, 59, 60, 63, 64",785.46,m2,否,12天,12天,人工,墙面石膏、腻子,依赖1个任务,人工,0,9216,2
2层 - 楼面面层抹灰,建筑,其他,3,水电工,2880,2026/03/11,2026/03/12,"标准层施工, 暑期施工","1, 2, 3, 4, 5, 6, 7, 8, 9, 10, 11, 12, 13, 14, 15, 16, 17, 32, 33, 37, 38, 43, 44, 46, 47, 48, 49, 50, 51, 52, 53, 54, 55, 56, 57, 58, 59, 60, 63, 64, 65",785.46,m2,否,2天,2天,人工,电线、电缆安装,依赖1个任务,人工,0,2880,2
2层 - 面砖铺贴,建筑,其他,5,砌筑工,3840,2026/03/12,2026/03/13,"标准层施工, 暑期施工","1, 2, 3, 4, 5, 6, 7, 8, 9, 10, 11, 12, 13, 14, 15, 16, 17, 32, 33, 37, 38, 43, 44, 46, 47, 48, 49, 50, 51, 52, 53, 54, 55, 56, 57, 58, 59, 60, 63, 64, 65, 66",785.46,m2,否,2天,2天,人工,楼面面层抹灰,依赖1个任务,人工,0,3840,2
2层 - 开关面板安装,电,板,2,水电工,7680,2026/03/13,2026/03/18,"标准层施工, 暑期施工","1, 2, 3, 4, 5, 6, 7, 8, 9, 10, 11, 12, 13, 14, 15, 16, 17, 32, 33, 37, 38, 43, 44, 46, 47, 48, 49, 50, 51, 52, 53, 54, 55, 56, 57, 58, 59, 60, 63, 64, 65, 66, 67",,,否,8天,8天,人工,面砖铺贴,依赖1个任务,人工,0,7680,2
2层 - 顶棚壁纸施工,建筑,其他,2,抹灰工,1536,2026/03/18,2026/03/20,"标准层施工, 暑期施工","1, 2, 3, 4, 5, 6, 7, 8, 9, 10, 11, 12, 13, 14, 15, 16, 17, 32, 33, 37, 38, 43, 44, 46, 47, 48, 49, 50, 51, 52, 53, 54, 55, 56, 57, 58, 59, 60, 63, 64, 65, 66, 67, 68",785.46,m2,否,2天,2天,人工,开关面板安装,依赖1个任务,人工,0,1536,2
2层 - 内墙面涂料、壁纸施工,建筑,其他,4,抹灰工,8832,2026/03/20,2026/03/23,"标准层施工, 暑期施工","1, 2, 3, 4, 5, 6, 7, 8, 9, 10, 11, 12, 13, 14, 15, 16, 17, 32, 33, 37, 38, 43, 44, 46, 47, 48, 49, 50, 51, 52, 53, 54, 55, 56, 57, 58, 59, 60, 63, 64, 65, 66, 67, 68, 69",1455.27,m2,否,5天9小时,6天,人工,顶棚壁纸施工,依赖1个任务,人工,0,8832,2
2层 - 灯具安装,电,其他,2,水电工,960,2026/03/23,2026/03/24,"标准层施工, 暑期施工","1, 2, 3, 4, 5, 6, 7, 8, 9, 10, 11, 12, 13, 14, 15, 16, 17, 32, 33, 37, 38, 43, 44, 46, 47, 48, 49, 50, 51, 52, 53, 54, 55, 56, 57, 58, 59, 60, 63, 64, 65, 66, 67, 68, 69, 70",,,否,1天,1天,人工,内墙面涂料、壁纸施工,依赖1个任务,人工,0,960,2
2层 - 洁具安装,给排水,其他,2,水电工,960,2026/03/23,2026/03/24,"标准层施工, 暑期施工","1, 2, 3, 4, 5, 6, 7, 8, 9, 10, 11, 12, 13, 14, 15, 16, 17, 32, 33, 37, 38, 43, 44, 46, 47, 48, 49, 50, 51, 52, 53, 54, 55, 56, 57, 58, 59, 60, 63, 64, 65, 66, 67, 68, 69, 70",,,否,1天,1天,人工,内墙面涂料、壁纸施工,依赖1个任务,人工,0,960,2
2层 - 公共部位楼梯栏杆安装,建筑,其他,2,不限,384,2026/03/23,2026/03/24,"标准层施工, 暑期施工","1, 2, 3, 4, 5, 6, 7, 8, 9, 10, 11, 12, 13, 14, 15, 16, 17, 32, 33, 37, 38, 43, 44, 46, 47, 48, 49, 50, 51, 52, 53, 54, 55, 56, 57, 58, 59, 60, 63, 64, 65, 66, 67, 68, 69, 70",,,否,1天,1天,人工,内墙面涂料、壁纸施工,依赖1个任务,人工,0,384,2
2层 - 消防系统安装,,其他,,,0,2026/03/23,2026/04/08,"标准层施工, 暑期施工","1, 2, 3, 4, 5, 6, 7, 8, 9, 10, 11, 12, 13, 14, 15, 16, 17, 32, 33, 37, 38, 43, 44, 46, 47, 48, 49, 50, 51, 52, 53, 54, 55, 56, 57, 58, 59, 60, 63, 64, 65, 66, 67, 68, 69, 70",785.46,m2,否,25天,25天,人工,内墙面涂料、壁纸施工,依赖1个任务,人工,0,0,2
2层 - 弱电及智能系统安装,,其他,,,0,2026/03/23,2026/04/05,"标准层施工, 暑期施工","1, 2, 3, 4, 5, 6, 7, 8, 9, 10, 11, 12, 13, 14, 15, 16, 17, 32, 33, 37, 38, 43, 44, 46, 47, 48, 49, 50, 51, 52, 53, 54, 55, 56, 57, 58, 59, 60, 63, 64, 65, 66, 67, 68, 69, 70",785.46,m2,否,20天,20天,人工,内墙面涂料、壁纸施工,依赖1个任务,人工,0,0,2
3层 - 柱、墙、梁、板钢筋制作,,柱,3,钢筋工,118729,2026/04/08,2026/04/10,"标准层施工, 暑期施工",,25.61,吨,否,2天9小时,3天,人工制作,无,,人工制作,115264,3465,3
3层 - 柱测量放线,结构,柱,2,测量员,80,2026/04/08,2026/04/08,"标准层施工, 暑期施工",,785.46,m2,否,2小时,1天,水准仪,无,,水准仪,0,80,3
3层 - 剪力墙放线,结构,剪力墙,2,测量员,80,2026/04/08,2026/04/08,"标准层施工, 暑期施工",,785.46,m2,否,2小时,1天,水准仪,无,,水准仪,0,80,3
3层 - 柱钢筋绑扎,结构,柱,8,钢筋工,0,2026/04/10,2026/04/10,"标准层施工, 暑期施工","1, 2",0,吨,否,0小时,0天,人工,"柱、墙、梁、板钢筋制作, 柱测量放线",依赖2个任务,人工,0,0,3
3层 - 短肢剪力墙钢筋绑扎,结构,剪力墙,8,钢筋工,3360,2026/04/10,2026/04/10,"标准层施工, 暑期施工","1, 3",8.28,吨,否,1天,1天,人工,"柱、墙、梁、板钢筋制作, 剪力墙放线",依赖2个任务,人工,0,3360,3
3层 - 柱钢筋验收,,柱,,,0,2026/04/10,2026/04/10,"标准层施工, 暑期施工","1, 2, 4",,,否,4小时,1天,人工,柱钢筋绑扎,依赖1个任务,人工,0,0,3
3层 - 剪力墙钢筋验收,,剪力墙,,,0,2026/04/10,2026/04/11,"标准层施工, 暑期施工","1, 2, 5",,,否,4小时,1天,人工,"柱测量放线, 短肢剪力墙钢筋绑扎",依赖2个任务,人工,0,0,3
3层 - 柱模板拼装,结构,柱,4,木工,0,2026/04/10,2026/04/10,"标准层施工, 暑期施工","1, 2, 4, 6",0,m2,否,0小时,0天,"木模板, 铝模板, 塑料模板, 大模板",柱钢筋验收,依赖1个任务,木模板,0,0,3
3层 - 剪力墙模板拼装,结构,剪力墙,4,木工,14994,2026/04/11,2026/04/11,"标准层施工, 暑期施工","1, 3, 5, 7",951.66,m2,否,1天8小时,2天,"木模板, 铝模板, 塑料模板, 大模板",剪力墙钢筋验收,依赖1个任务,木模板,11394,3600,3
3层 - 墙模板验收,,板,,,0,2026/04/11,2026/04/12,"标准层施工, 暑期施工","1, 3, 5, 7, 9",,,否,4小时,1天,人工,剪力墙模板拼装,依赖1个任务,人工,0,0,3
3层 - 柱模板验收,,柱,,,0,2026/04/10,2026/04/10,"标准层施工, 暑期施工","1, 2, 4, 6, 8",,,否,4小时,1天,人工,柱模板拼装,依赖1个任务,人工,0,0,3
3层 - 短肢剪力墙混凝土浇筑,结构,剪力墙,8,混凝土工,38430.73,2026/04/14,2026/04/14,"标准层施工, 暑期施工","1, 3, 5, 7, 9, 10",92.62,m3,否,5小时,1天,"固定泵1个, 固定泵2个, 移动泵1个, 移动泵2个",墙模板验收,依赖1个任务,固定泵1个,37390.7342,1040,3
3层 - 短肢剪力墙混凝土养护,结构,剪力墙,2,不限,2688,2026/04/14,2026/04/19,"标准层施工, 暑期施工","1, 3, 5, 7, 9, 10, 12",,,否,7天,7天,人工,短肢剪力墙混凝土浇筑,依赖1个任务,人工,0,2688,3
3层 - 柱混凝土浇筑,结构,柱,4,混凝土工,0,2026/04/14,2026/04/14,"标准层施工, 暑期施工","1, 2, 4, 6, 8, 11",0,m3,否,0小时,0天,"固定泵1个, 固定泵2个, 移动泵1个, 移动泵2个",柱模板验收,依赖1个任务,固定泵1个,0,0,3
3层 - 柱混凝土养护,结构,柱,2,不限,2688,2026/04/14,2026/04/18,"标准层施工, 暑期施工","1, 2, 4, 6, 8, 11, 14",,,否,7天,7天,人工,柱混凝土浇筑,依赖1个任务,人工,0,2688,3
3层 - 短肢剪力墙模板拆除,结构,剪力墙,4,木工,1800,2026/04/19,2026/04/19,"标准层施工, 暑期施工","1, 3, 5, 7, 9, 10, 12, 13",951.66,m2,否,10小时,1天,人工,短肢剪力墙混凝土养护,依赖1个任务,人工,0,1800,3
3层 - 柱模板拆除,结构,柱,4,木工,0,2026/04/19,2026/04/18,"标准层施工, 暑期施工","1, 2, 4, 6, 8, 11, 14, 15",0,m2,否,0小时,0天,人工,柱混凝土养护,依赖1个任务,人工,0,0,3
3层 - 预制叠合板安装,结构,板,3,不限,12981.55,2026/04/19,2026/04/20,"标准层施工, 暑期施工","1, 2, 3, 4, 5, 6, 7, 8, 9, 10, 11, 12, 13, 14, 15, 16, 17",785.46,m2,否,1天,1天,人工＋机械,"短肢剪力墙模板拆除, 柱模板拆除",依赖2个任务,人工＋机械,12405.546,576,3
3层 - 钢筋桁架楼承板安装,结构,板,3,木工,1620,2026/04/19,2026/04/20,"标准层施工, 暑期施工","1, 2, 3, 4, 5, 6, 7, 8, 9, 10, 11, 12, 13, 14, 15, 16, 17",785.46,m2,否,1天,1天,人工＋机械,"短肢剪力墙模板拆除, 柱模板拆除",依赖2个任务,人工＋机械,0,1620,3
3层 - 梁板模板拼装,结构,梁,4,木工,56577.68,2026/04/19,2026/04/20,"标准层施工, 暑期施工","1, 2, 3, 4, 5, 6, 7, 8, 9, 10, 11, 12, 13, 14, 15, 16, 17",898.8,m2,否,1天2小时,2天,"木模板, 铝模板, 塑料模板, 大模板","短肢剪力墙模板拆除, 柱模板拆除",依赖2个任务,木模板,54057.6773,2520,3
3层 - 楼梯模板拼装,结构,板,4,木工,4444.49,2026/04/19,2026/04/20,"标准层施工, 暑期施工","1, 2, 3, 4, 5, 6, 7, 8, 9, 10, 11, 12, 13, 14, 15, 16, 17",25.25,m2,否,6小时,1天,"木模板, 铝模板, 塑料模板","短肢剪力墙模板拆除, 柱模板拆除",依赖2个任务,木模板,3364.4868,1080,3
3层 - 梁板模板验收,,梁,,,0,2026/04/20,2026/04/20,"标准层施工, 暑期施工","1, 2, 3, 4, 5, 6, 7, 8, 9, 10, 11, 12, 13, 14, 15, 16, 17, 18, 19, 20",,,否,4小时,1天,人工,"预制叠合板安装, 钢筋桁架楼承板安装, 梁板模板拼装",依赖3个任务,人工,0,0,3
3层 - 楼梯模板验收,,板,,,0,2026/04/20,2026/04/20,"标准层施工, 暑期施工","1, 2, 3, 4, 5, 6, 7, 8, 9, 10, 11, 12, 13, 14, 15, 16, 17, 18, 19, 20, 21",,,否,4小时,1天,人工,"预制叠合板安装, 钢筋桁架楼承板安装, 梁板模板拼装, 楼梯模板拼装",依赖4个任务,人工,0,0,3
3层 - 梁板底排钢筋绑扎,结构,梁,6,钢筋工,1890,2026/04/20,2026/04/21,"标准层施工, 暑期施工","1, 2, 3, 4, 5, 6, 7, 8, 9, 10, 11, 12, 13, 14, 15, 16, 17, 18, 19, 20, 22",8.82,吨,否,9小时,1天,人工,梁板模板验收,依赖1个任务,人工,0,1890,3
3层 - 水电管线预留预埋,给排水,其他,1,水电工,240,2026/04/21,2026/04/21,"标准层施工, 暑期施工","1, 2, 3, 4, 5, 6, 7, 8, 9, 10, 11, 12, 13, 14, 15, 16, 17, 18, 19, 20, 22, 24",785.46,m2,否,6小时,1天,人工,梁板底排钢筋绑扎,依赖1个任务,人工,0,240,3
3层 - 楼板上排钢筋绑扎,结构,板,6,钢筋工,1890,2026/04/21,2026/04/21,"标准层施工, 暑期施工","1, 2, 3, 4, 5, 6, 7, 8, 9, 10, 11, 12, 13, 14, 15, 16, 17, 18, 19, 20, 22, 24",8.82,吨,否,9小时,1天,人工,梁板底排钢筋绑扎,依赖1个任务,人工,0,1890,3
3层 - 梁板钢筋验收,,梁,,,0,2026/04/21,2026/04/21,"标准层施工, 暑期施工","1, 2, 3, 4, 5, 6, 7, 8, 9, 10, 11, 12, 13, 14, 15, 16, 17, 18, 19, 20, 22, 24, 26",,,否,4小时,1天,人工,楼板上排钢筋绑扎,依赖1个任务,人工,0,0,3
3层 - 水电验收,,其他,,,0,2026/04/21,2026/04/21,"标准层施工, 暑期施工","1, 2, 3, 4, 5, 6, 7, 8, 9, 10, 11, 12, 13, 14, 15, 16, 17, 18, 19, 20, 22, 24, 25",,,否,4小时,1天,人工,水电管线预留预埋,依赖1个任务,人工,0,0,3
3层 - 梁板混凝土浇筑,结构,梁,8,混凝土工,68563.1,2026/04/21,2026/04/21,"标准层施工, 暑期施工","1, 2, 3, 4, 5, 6, 7, 8, 9, 10, 11, 12, 13, 14, 15, 16, 17, 18, 19, 20, 22, 24, 26, 28",129.06,m3,否,7小时,1天,"木模板, 铝模板, 塑料模板, 大模板","楼板上排钢筋绑扎, 水电验收",依赖2个任务,木模板,67107.0961,1456,3
3层 - 梁板混凝土养护,结构,梁,2,不限,2688,2026/04/21,2026/04/26,"标准层施工, 暑期施工","1, 2, 3, 4, 5, 6, 7, 8, 9, 10, 11, 12, 13, 14, 15, 16, 17, 18, 19, 20, 22, 24, 26, 28, 29",,,否,7天,7天,人工,梁板混凝土浇筑,依赖1个任务,人工,0,2688,3
3层 - 梁板混凝土拆模,结构,梁,4,木工,1800,2026/04/26,2026/04/26,"标准层施工, 暑期施工","1, 2, 3, 4, 5, 6, 7, 8, 9, 10, 11, 12, 13, 14, 15, 16, 17, 18, 19, 20, 22, 24, 26, 28, 30, 30",129.06,m3,否,10小时,1天,人工,梁板混凝土养护,依赖1个任务,人工,0,1800,3
3层 - 隔墙测量放线,建筑,其他,2,测量员,80,2026/04/19,2026/04/19,"标准层施工, 暑期施工","1, 2, 3, 4, 5, 6, 7, 8, 9, 10, 11, 12, 13, 14, 15, 16, 17",785.46,m2,否,2小时,1天,人工,"短肢剪力墙模板拆除, 柱模板拆除",依赖2个任务,人工,0,80,3
3层 - 隔墙墙体砌筑及墙板安装,建筑,板,2,砌筑工,74633.3,2026/04/19,2026/04/23,"标准层施工, 暑期施工","1, 2, 3, 4, 5, 6, 7, 8, 9, 10, 11, 12, 13, 14, 15, 16, 17, 32",60.25,m3,否,6天3小时,7天,"蒸压加气块, 混凝土标准砖, 粘土标准砖, ALC板, 石膏板, 轻质隔墙板",隔墙测量放线,依赖1个任务,蒸压加气块,69833.296,4800,3
3层 - 水电管线预留预埋,给排水,其他,1,水电工,240,2026/04/23,2026/04/24,"标准层施工, 暑期施工","1, 2, 3, 4, 5, 6, 7, 8, 9, 10, 11, 12, 13, 14, 15, 16, 17, 32, 33",785.46,m2,否,6小时,1天,人工,隔墙墙体砌筑及墙板安装,依赖1个任务,人工,0,240,3
3层 - 隔墙墙体砌筑验收,,其他,,,0,2026/04/24,2026/04/24,"标准层施工, 暑期施工","1, 2, 3, 4, 5, 6, 7, 8, 9, 10, 11, 12, 13, 14, 15, 16, 17, 32, 33, 34",,,否,2小时,1天,人工,水电管线预留预埋,依赖1个任务,人工,0,0,3
3层 - 水电验收,,其他,,,0,2026/04/24,2026/04/24,"标准层施工, 暑期施工","1, 2, 3, 4, 5, 6, 7, 8, 9, 10, 11, 12, 13, 14, 15, 16, 17, 32, 33, 35",,,否,2小时,1天,人工,隔墙墙体砌筑验收,依赖1个任务,人工,0,0,3
3层 - 窗框安装,建筑,其他,2,不限,176700.34,2026/04/24,2026/04/24,"标准层施工, 暑期施工","1, 2, 3, 4, 5, 6, 7, 8, 9, 10, 11, 12, 13, 14, 15, 16, 17, 32, 33, 35",190.59,m2,否,4小时,1天,人工,隔墙墙体砌筑验收,依赖1个任务,人工,176572.3413,128,3
3层 - 窗框验收,,其他,,,0,2026/04/24,2026/04/24,"标准层施工, 暑期施工","1, 2, 3, 4, 5, 6, 7, 8, 9, 10, 11, 12, 13, 14, 15, 16, 17, 32, 33, 37",,,否,4小时,1天,人工,窗框安装,依赖1个任务,人工,0,0,3
3层 - 外墙面保温施工,建筑,其他,6,抹灰工,65627.77,2026/04/24,2026/05/04,"标准层施工, 暑期施工","1, 2, 3, 4, 5, 6, 7, 8, 9, 10, 11, 12, 13, 14, 15, 16, 17, 32, 33, 37, 38",340.3,m2,否,16天6小时,17天,人工,窗框验收,依赖1个任务,人工,27611.7719,38016,3
3层 - 外墙面腻子一道,建筑,其他,6,抹灰工,24384,2026/05/04,2026/05/11,"标准层施工, 暑期施工","1, 2, 3, 4, 5, 6, 7, 8, 9, 10, 11, 12, 13, 14, 15, 16, 17, 32, 33, 37, 38, 39",340.3,m2,否,10天7小时,11天,人工,外墙面保温施工,依赖1个任务,人工,0,24384,3
3层 - 外墙面腻子二道,建筑,其他,6,抹灰工,22464,2026/05/11,2026/05/17,"标准层施工, 暑期施工","1, 2, 3, 4, 5, 6, 7, 8, 9, 10, 11, 12, 13, 14, 15, 16, 17, 32, 33, 37, 38, 39, 40",340.3,m2,否,9天9小时,10天,人工,外墙面腻子一道,依赖1个任务,人工,0,22464,3
3层 - 外墙涂料面层,建筑,其他,6,抹灰工,32064,2026/05/17,2026/05/26,"标准层施工, 暑期施工","1, 2, 3, 4, 5, 6, 7, 8, 9, 10, 11, 12, 13, 14, 15, 16, 17, 32, 33, 37, 38, 39, 40, 41",340.3,m2,否,13天11小时,14天,人工,外墙面腻子二道,依赖1个任务,人工,0,32064,3
3层 - 内墙面保温,建筑,其他,6,抹灰工,30070.77,2026/04/24,2026/04/26,"标准层施工, 暑期施工","1, 2, 3, 4, 5, 6, 7, 8, 9, 10, 11, 12, 13, 14, 15, 16, 17, 32, 33, 37, 38",1455.27,m2,否,2天4小时,3天,人工,窗框验收,依赖1个任务,人工,24694.7677,5376,3
3层 - 内墙面抹灰,建筑,其他,6,抹灰工,5376,2026/04/26,2026/04/27,"标准层施工, 暑期施工","1, 2, 3, 4, 5, 6, 7, 8, 9, 10, 11, 12, 13, 14, 15, 16, 17, 32, 33, 37, 38, 43",1455.27,m2,否,2天4小时,3天,人工,内墙面保温,依赖1个任务,人工,0,5376,3
3层 - 外墙面验收,,其他,,,0,2026/05/26,2026/05/26,"标准层施工, 暑期施工","1, 2, 3, 4, 5, 6, 7, 8, 9, 10, 11, 12, 13, 14, 15, 16, 17, 32, 33, 37, 38, 39, 40, 41, 42",,,否,4小时,1天,人工,外墙涂料面层,依赖1个任务,人工,0,0,3
3层 - 内墙面验收,,其他,,,0,2026/04/27,2026/04/27,"标准层施工, 暑期施工","1, 2, 3, 4, 5, 6, 7, 8, 9, 10, 11, 12, 13, 14, 15, 16, 17, 32, 33, 37, 38, 43, 44",,,否,4小时,1天,人工,内墙面抹灰,依赖1个任务,人工,0,0,3
3层 - 有水房间防水施工,建筑,其他,2,防水工,4800,2026/04/27,2026/05/03,"标准层施工, 暑期施工","1, 2, 3, 4, 5, 6, 7, 8, 9, 10, 11, 12, 13, 14, 15, 16, 17, 32, 33, 37, 38, 43, 44, 46",,,否,10天,10天,人工,内墙面验收,依赖1个任务,人工,0,4800,3
3层 - 防水保护层施工,建筑,其他,2,防水工,5760,2026/05/04,2026/05/11,"标准层施工, 暑期施工","1, 2, 3, 4, 5, 6, 7, 8, 9, 10, 11, 12, 13, 14, 15, 16, 17, 32, 33, 37, 38, 43, 44, 46, 47",,,否,12天,12天,人工,有水房间防水施工,依赖1个任务,人工,0,5760,3
3层 - 防水保护层养护,建筑,其他,2,防水工,6720,2026/05/11,2026/05/20,"标准层施工, 暑期施工","1, 2, 3, 4, 5, 6, 7, 8, 9, 10, 11, 12, 13, 14, 15, 16, 17, 32, 33, 37, 38, 43, 44, 46, 47, 48",,,否,14天,14天,人工,防水保护层施工,依赖1个任务,人工,0,6720,3
3层 - 水立管安装与调试,给排水,其他,4,水电工,640,2026/05/20,2026/05/20,"标准层施工, 暑期施工","1, 2, 3, 4, 5, 6, 7, 8, 9, 10, 11, 12, 13, 14, 15, 16, 17, 32, 33, 37, 38, 43, 44, 46, 47, 48, 49",785.46,m2,否,4小时,1天,人工,防水保护层养护,依赖1个任务,人工,0,640,3
3层 - 水干管安装与调试,给排水,其他,4,水电工,1280,2026/05/20,2026/05/20,"标准层施工, 暑期施工","1, 2, 3, 4, 5, 6, 7, 8, 9, 10, 11, 12, 13, 14, 15, 16, 17, 32, 33, 37, 38, 43, 44, 46, 47, 48, 49, 50",785.46,m2,否,8小时,1天,人工,水立管安装与调试,依赖1个任务,人工,0,1280,3
3层 - 水支管安装与调试,给排水,其他,4,水电工,1280,2026/05/21,2026/05/21,"标准层施工, 暑期施工","1, 2, 3, 4, 5, 6, 7, 8, 9, 10, 11, 12, 13, 14, 15, 16, 17, 32, 33, 37, 38, 43, 44, 46, 47, 48, 49, 50, 51",785.46,m2,否,8小时,1天,人工,水干管安装与调试,依赖1个任务,人工,0,1280,3
3层 - 地盘管安装与调试,暖,其他,6,水电工,28320,2026/05/20,2026/05/26,"标准层施工, 暑期施工","1, 2, 3, 4, 5, 6, 7, 8, 9, 10, 11, 12, 13, 14, 15, 16, 17, 32, 33, 37, 38, 43, 44, 46, 47, 48, 49",785.46,m2,否,9天10小时,10天,人工,防水保护层养护,依赖1个任务,人工,0,28320,3
3层 - 水管盘管验收,,其他,,,0,2026/05/26,2026/05/26,"标准层施工, 暑期施工","1, 2, 3, 4, 5, 6, 7, 8, 9, 10, 11, 12, 13, 14, 15, 16, 17, 32, 33, 37, 38, 43, 44, 46, 47, 48, 49, 50, 51, 52, 53",,,否,4小时,1天,人工,"水支管安装与调试, 地盘管安装与调试",依赖2个任务,人工,0,0,3
3层 - 门框安装,建筑,其他,3,不限,480,2026/05/26,2026/05/27,"标准层施工, 暑期施工","1, 2, 3, 4, 5, 6, 7, 8, 9, 10, 11, 12, 13, 14, 15, 16, 17, 32, 33, 37, 38, 43, 44, 46, 47, 48, 49, 50, 51, 52, 53, 54",166.34,m2,否,10小时,1天,人工,水管盘管验收,依赖1个任务,人工,0,480,3
3层 - 门框验收,,其他,,,0,2026/05/27,2026/05/27,"标准层施工, 暑期施工","1, 2, 3, 4, 5, 6, 7, 8, 9, 10, 11, 12, 13, 14, 15, 16, 17, 32, 33, 37, 38, 43, 44, 46, 47, 48, 49, 50, 51, 52, 53, 54, 55",,,否,4小时,1天,人工,门框安装,依赖1个任务,人工,0,0,3
3层 - 楼面基层施工,建筑,其他,2,抹灰工,3072,2026/05/27,2026/05/29,"标准层施工, 暑期施工","1, 2, 3, 4, 5, 6, 7, 8, 9, 10, 11, 12, 13, 14, 15, 16, 17, 32, 33, 37, 38, 43, 44, 46, 47, 48, 49, 50, 51, 52, 53, 54, 55, 56",785.46,m2,否,4天,4天,人工,门框验收,依赖1个任务,人工,0,3072,3
3层 - 穿带线安装,电,其他,2,水电工,8640,2026/05/29,2026/06/04,"标准层施工, 暑期施工","1, 2, 3, 4, 5, 6, 7, 8, 9, 10, 11, 12, 13, 14, 15, 16, 17, 32, 33, 37, 38, 43, 44, 46, 47, 48, 49, 50, 51, 52, 53, 54, 55, 56, 57",785.46,m2,否,9天,9天,人工,楼面基层施工,依赖1个任务,人工,0,8640,3
3层 - 电箱安装,电,其他,2,水电工,8640,2026/06/04,2026/06/10,"标准层施工, 暑期施工","1, 2, 3, 4, 5, 6, 7, 8, 9, 10, 11, 12, 13, 14, 15, 16, 17, 32, 33, 37, 38, 43, 44, 46, 47, 48, 49, 50, 51, 52, 53, 54, 55, 56, 57, 58",785.46,m2,否,9天,9天,人工,穿带线安装,依赖1个任务,人工,0,8640,3
3层 - 电盒安装,电,其他,2,水电工,8640,2026/06/10,2026/06/15,"标准层施工, 暑期施工","1, 2, 3, 4, 5, 6, 7, 8, 9, 10, 11, 12, 13, 14, 15, 16, 17, 32, 33, 37, 38, 43, 44, 46, 47, 48, 49, 50, 51, 52, 53, 54, 55, 56, 57, 58, 59",785.46,m2,否,9天,9天,人工,电箱安装,依赖1个任务,人工,0,8640,3
3层 - 穿带线、电箱、电盒验收,电,其他,,,0,2026/06/15,2026/06/15,"标准层施工, 暑期施工","1, 2, 3, 4, 5, 6, 7, 8, 9, 10, 11, 12, 13, 14, 15, 16, 17, 32, 33, 37, 38, 43, 44, 46, 47, 48, 49, 50, 51, 52, 53, 54, 55, 56, 57, 58, 59, 60",,,否,4小时,1天,人工,电盒安装,依赖1个任务,人工,0,0,3
3层 - 门窗扇五金安装,建筑,其他,2,不限,2240,2026/06/15,2026/06/19,"标准层施工, 暑期施工","1, 2, 3, 4, 5, 6, 7, 8, 9, 10, 11, 12, 13, 14, 15, 16, 17, 32, 33, 37, 38, 43, 44, 46, 47, 48, 49, 50, 51, 52, 53, 54, 55, 56, 57, 58, 59, 60",356.93,m2,否,5天10小时,6天,人工,电盒安装,依赖1个任务,人工,0,2240,3
3层 - 顶棚腻子,建筑,其他,3,抹灰工,3456,2026/06/15,2026/06/17,"标准层施工, 暑期施工","1, 2, 3, 4, 5, 6, 7, 8, 9, 10, 11, 12, 13, 14, 15, 16, 17, 32, 33, 37, 38, 43, 44, 46, 47, 48, 49, 50, 51, 52, 53, 54, 55, 56, 57, 58, 59, 61",785.46,m2,否,3天,3天,人工,穿带线、电箱、电盒验收,依赖1个任务,人工,0,3456,3
3层 - 墙面石膏、腻子,建筑,其他,5,抹灰工,11040,2026/06/17,2026/06/21,"标准层施工, 暑期施工","1, 2, 3, 4, 5, 6, 7, 8, 9, 10, 11, 12, 13, 14, 15, 16, 17, 32, 33, 37, 38, 43, 44, 46, 47, 48, 49, 50, 51, 52, 53, 54, 55, 56, 57, 58, 59, 60, 63",1455.27,m2,否,5天9小时,6天,人工,顶棚腻子,依赖1个任务,人工,0,11040,3
3层 - 电线、电缆安装,电,其他,2,抹灰工,9216,2026/06/21,2026/06/29,"标准层施工, 暑期施工","1, 2, 3, 4, 5, 6, 7, 8, 9, 10, 11, 12, 13, 14, 15, 16, 17, 32, 33, 37, 38, 43, 44, 46, 47, 48, 49, 50, 51, 52, 53, 54, 55, 56, 57, 58, 59, 60, 63, 64",785.46,m2,否,12天,12天,人工,墙面石膏、腻子,依赖1个任务,人工,0,9216,3
3层 - 楼面面层抹灰,建筑,其他,3,水电工,2880,2026/06/29,2026/06/30,"标准层施工, 暑期施工","1, 2, 3, 4, 5, 6, 7, 8, 9, 10, 11, 12, 13, 14, 15, 16, 17, 32, 33, 37, 38, 43, 44, 46, 47, 48, 49, 50, 51, 52, 53, 54, 55, 56, 57, 58, 59, 60, 63, 64, 65",785.46,m2,否,2天,2天,人工,电线、电缆安装,依赖1个任务,人工,0,2880,3
3层 - 面砖铺贴,建筑,其他,5,砌筑工,3840,2026/06/30,2026/07/01,"标准层施工, 暑期施工","1, 2, 3, 4, 5, 6, 7, 8, 9, 10, 11, 12, 13, 14, 15, 16, 17, 32, 33, 37, 38, 43, 44, 46, 47, 48, 49, 50, 51, 52, 53, 54, 55, 56, 57, 58, 59, 60, 63, 64, 65, 66",785.46,m2,否,2天,2天,人工,楼面面层抹灰,依赖1个任务,人工,0,3840,3
3层 - 开关面板安装,电,板,2,水电工,7680,2026/07/01,2026/07/06,"标准层施工, 暑期施工","1, 2, 3, 4, 5, 6, 7, 8, 9, 10, 11, 12, 13, 14, 15, 16, 17, 32, 33, 37, 38, 43, 44, 46, 47, 48, 49, 50, 51, 52, 53, 54, 55, 56, 57, 58, 59, 60, 63, 64, 65, 66, 67",,,否,8天,8天,人工,面砖铺贴,依赖1个任务,人工,0,7680,3
3层 - 顶棚壁纸施工,建筑,其他,2,抹灰工,1536,2026/07/06,2026/07/07,"标准层施工, 暑期施工","1, 2, 3, 4, 5, 6, 7, 8, 9, 10, 11, 12, 13, 14, 15, 16, 17, 32, 33, 37, 38, 43, 44, 46, 47, 48, 49, 50, 51, 52, 53, 54, 55, 56, 57, 58, 59, 60, 63, 64, 65, 66, 67, 68",785.46,m2,否,2天,2天,人工,开关面板安装,依赖1个任务,人工,0,1536,3
3层 - 内墙面涂料、壁纸施工,建筑,其他,4,抹灰工,8832,2026/07/07,2026/07/11,"标准层施工, 暑期施工","1, 2, 3, 4, 5, 6, 7, 8, 9, 10, 11, 12, 13, 14, 15, 16, 17, 32, 33, 37, 38, 43, 44, 46, 47, 48, 49, 50, 51, 52, 53, 54, 55, 56, 57, 58, 59, 60, 63, 64, 65, 66, 67, 68, 69",1455.27,m2,否,5天9小时,6天,人工,顶棚壁纸施工,依赖1个任务,人工,0,8832,3
3层 - 灯具安装,电,其他,2,水电工,960,2026/07/11,2026/07/12,"标准层施工, 暑期施工","1, 2, 3, 4, 5, 6, 7, 8, 9, 10, 11, 12, 13, 14, 15, 16, 17, 32, 33, 37, 38, 43, 44, 46, 47, 48, 49, 50, 51, 52, 53, 54, 55, 56, 57, 58, 59, 60, 63, 64, 65, 66, 67, 68, 69, 70",,,否,1天,1天,人工,内墙面涂料、壁纸施工,依赖1个任务,人工,0,960,3
3层 - 洁具安装,给排水,其他,2,水电工,960,2026/07/11,2026/07/12,"标准层施工, 暑期施工","1, 2, 3, 4, 5, 6, 7, 8, 9, 10, 11, 12, 13, 14, 15, 16, 17, 32, 33, 37, 38, 43, 44, 46, 47, 48, 49, 50, 51, 52, 53, 54, 55, 56, 57, 58, 59, 60, 63, 64, 65, 66, 67, 68, 69, 70",,,否,1天,1天,人工,内墙面涂料、壁纸施工,依赖1个任务,人工,0,960,3
3层 - 公共部位楼梯栏杆安装,建筑,其他,2,不限,384,2026/07/11,2026/07/12,"标准层施工, 暑期施工","1, 2, 3, 4, 5, 6, 7, 8, 9, 10, 11, 12, 13, 14, 15, 16, 17, 32, 33, 37, 38, 43, 44, 46, 47, 48, 49, 50, 51, 52, 53, 54, 55, 56, 57, 58, 59, 60, 63, 64, 65, 66, 67, 68, 69, 70",,,否,1天,1天,人工,内墙面涂料、壁纸施工,依赖1个任务,人工,0,384,3
3层 - 消防系统安装,,其他,,,0,2026/07/11,2026/07/27,"标准层施工, 暑期施工","1, 2, 3, 4, 5, 6, 7, 8, 9, 10, 11, 12, 13, 14, 15, 16, 17, 32, 33, 37, 38, 43, 44, 46, 47, 48, 49, 50, 51, 52, 53, 54, 55, 56, 57, 58, 59, 60, 63, 64, 65, 66, 67, 68, 69, 70",785.46,m2,否,25天,25天,人工,内墙面涂料、壁纸施工,依赖1个任务,人工,0,0,3
3层 - 弱电及智能系统安装,,其他,,,0,2026/07/11,2026/07/24,"标准层施工, 暑期施工","1, 2, 3, 4, 5, 6, 7, 8, 9, 10, 11, 12, 13, 14, 15, 16, 17, 32, 33, 37, 38, 43, 44, 46, 47, 48, 49, 50, 51, 52, 53, 54, 55, 56, 57, 58, 59, 60, 63, 64, 65, 66, 67, 68, 69, 70",785.46,m2,否,20天,20天,人工,内墙面涂料、壁纸施工,依赖1个任务,人工,0,0,3
4层 - 柱、墙、梁、板钢筋制作,,柱,3,钢筋工,118729,2026/07/27,2026/07/28,"标准层施工, 暑期施工",,25.61,吨,否,2天9小时,3天,人工制作,无,,人工制作,115264,3465,4
4层 - 柱测量放线,结构,柱,2,测量员,80,2026/07/27,2026/07/27,"标准层施工, 暑期施工",,785.46,m2,否,2小时,1天,水准仪,无,,水准仪,0,80,4
4层 - 剪力墙放线,结构,剪力墙,2,测量员,80,2026/07/27,2026/07/27,"标准层施工, 暑期施工",,785.46,m2,否,2小时,1天,水准仪,无,,水准仪,0,80,4
4层 - 柱钢筋绑扎,结构,柱,8,钢筋工,0,2026/07/28,2026/07/28,"标准层施工, 暑期施工","1, 2",0,吨,否,0小时,0天,人工,"柱、墙、梁、板钢筋制作, 柱测量放线",依赖2个任务,人工,0,0,4
4层 - 短肢剪力墙钢筋绑扎,结构,剪力墙,8,钢筋工,3360,2026/07/28,2026/07/29,"标准层施工, 暑期施工","1, 3",8.28,吨,否,1天,1天,人工,"柱、墙、梁、板钢筋制作, 剪力墙放线",依赖2个任务,人工,0,3360,4
4层 - 柱钢筋验收,,柱,,,0,2026/07/28,2026/07/29,"标准层施工, 暑期施工","1, 2, 4",,,否,4小时,1天,人工,柱钢筋绑扎,依赖1个任务,人工,0,0,4
4层 - 剪力墙钢筋验收,,剪力墙,,,0,2026/07/29,2026/07/29,"标准层施工, 暑期施工","1, 2, 5",,,否,4小时,1天,人工,"柱测量放线, 短肢剪力墙钢筋绑扎",依赖2个任务,人工,0,0,4
4层 - 柱模板拼装,结构,柱,4,木工,0,2026/07/29,2026/07/29,"标准层施工, 暑期施工","1, 2, 4, 6",0,m2,否,0小时,0天,"木模板, 铝模板, 塑料模板, 大模板",柱钢筋验收,依赖1个任务,木模板,0,0,4
4层 - 剪力墙模板拼装,结构,剪力墙,4,木工,14994,2026/07/29,2026/07/30,"标准层施工, 暑期施工","1, 3, 5, 7",951.66,m2,否,1天8小时,2天,"木模板, 铝模板, 塑料模板, 大模板",剪力墙钢筋验收,依赖1个任务,木模板,11394,3600,4
4层 - 墙模板验收,,板,,,0,2026/07/30,2026/07/30,"标准层施工, 暑期施工","1, 3, 5, 7, 9",,,否,4小时,1天,人工,剪力墙模板拼装,依赖1个任务,人工,0,0,4
4层 - 柱模板验收,,柱,,,0,2026/07/29,2026/07/29,"标准层施工, 暑期施工","1, 2, 4, 6, 8",,,否,4小时,1天,人工,柱模板拼装,依赖1个任务,人工,0,0,4
4层 - 短肢剪力墙混凝土浇筑,结构,剪力墙,8,混凝土工,38430.73,2026/08/02,2026/08/02,"标准层施工, 暑期施工","1, 3, 5, 7, 9, 10",92.62,m3,否,5小时,1天,"固定泵1个, 固定泵2个, 移动泵1个, 移动泵2个",墙模板验收,依赖1个任务,固定泵1个,37390.7342,1040,4
4层 - 短肢剪力墙混凝土养护,结构,剪力墙,2,不限,2688,2026/08/02,2026/08/06,"标准层施工, 暑期施工","1, 3, 5, 7, 9, 10, 12",,,否,7天,7天,人工,短肢剪力墙混凝土浇筑,依赖1个任务,人工,0,2688,4
4层 - 柱混凝土浇筑,结构,柱,4,混凝土工,0,2026/08/02,2026/08/02,"标准层施工, 暑期施工","1, 2, 4, 6, 8, 11",0,m3,否,0小时,0天,"固定泵1个, 固定泵2个, 移动泵1个, 移动泵2个",柱模板验收,依赖1个任务,固定泵1个,0,0,4
4层 - 柱混凝土养护,结构,柱,2,不限,2688,2026/08/02,2026/08/06,"标准层施工, 暑期施工","1, 2, 4, 6, 8, 11, 14",,,否,7天,7天,人工,柱混凝土浇筑,依赖1个任务,人工,0,2688,4
4层 - 短肢剪力墙模板拆除,结构,剪力墙,4,木工,1800,2026/08/06,2026/08/07,"标准层施工, 暑期施工","1, 3, 5, 7, 9, 10, 12, 13",951.66,m2,否,10小时,1天,人工,短肢剪力墙混凝土养护,依赖1个任务,人工,0,1800,4
4层 - 柱模板拆除,结构,柱,4,木工,0,2026/08/06,2026/08/06,"标准层施工, 暑期施工","1, 2, 4, 6, 8, 11, 14, 15",0,m2,否,0小时,0天,人工,柱混凝土养护,依赖1个任务,人工,0,0,4
4层 - 预制叠合板安装,结构,板,3,不限,12981.55,2026/08/07,2026/08/08,"标准层施工, 暑期施工","1, 2, 3, 4, 5, 6, 7, 8, 9, 10, 11, 12, 13, 14, 15, 16, 17",785.46,m2,否,1天,1天,人工＋机械,"短肢剪力墙模板拆除, 柱模板拆除",依赖2个任务,人工＋机械,12405.546,576,4
4层 - 钢筋桁架楼承板安装,结构,板,3,木工,1620,2026/08/07,2026/08/08,"标准层施工, 暑期施工","1, 2, 3, 4, 5, 6, 7, 8, 9, 10, 11, 12, 13, 14, 15, 16, 17",785.46,m2,否,1天,1天,人工＋机械,"短肢剪力墙模板拆除, 柱模板拆除",依赖2个任务,人工＋机械,0,1620,4
4层 - 梁板模板拼装,结构,梁,4,木工,56577.68,2026/08/07,2026/08/08,"标准层施工, 暑期施工","1, 2, 3, 4, 5, 6, 7, 8, 9, 10, 11, 12, 13, 14, 15, 16, 17",898.8,m2,否,1天2小时,2天,"木模板, 铝模板, 塑料模板, 大模板","短肢剪力墙模板拆除, 柱模板拆除",依赖2个任务,木模板,54057.6773,2520,4
4层 - 楼梯模板拼装,结构,板,4,木工,4444.49,2026/08/07,2026/08/07,"标准层施工, 暑期施工","1, 2, 3, 4, 5, 6, 7, 8, 9, 10, 11, 12, 13, 14, 15, 16, 17",25.25,m2,否,6小时,1天,"木模板, 铝模板, 塑料模板","短肢剪力墙模板拆除, 柱模板拆除",依赖2个任务,木模板,3364.4868,1080,4
4层 - 梁板模板验收,,梁,,,0,2026/08/08,2026/08/08,"标准层施工, 暑期施工","1, 2, 3, 4, 5, 6, 7, 8, 9, 10, 11, 12, 13, 14, 15, 16, 17, 18, 19, 20",,,否,4小时,1天,人工,"预制叠合板安装, 钢筋桁架楼承板安装, 梁板模板拼装",依赖3个任务,人工,0,0,4
4层 - 楼梯模板验收,,板,,,0,2026/08/08,2026/08/08,"标准层施工, 暑期施工","1, 2, 3, 4, 5, 6, 7, 8, 9, 10, 11, 12, 13, 14, 15, 16, 17, 18, 19, 20, 21",,,否,4小时,1天,人工,"预制叠合板安装, 钢筋桁架楼承板安装, 梁板模板拼装, 楼梯模板拼装",依赖4个任务,人工,0,0,4
4层 - 梁板底排钢筋绑扎,结构,梁,6,钢筋工,1890,2026/08/08,2026/08/08,"标准层施工, 暑期施工","1, 2, 3, 4, 5, 6, 7, 8, 9, 10, 11, 12, 13, 14, 15, 16, 17, 18, 19, 20, 22",8.82,吨,否,9小时,1天,人工,梁板模板验收,依赖1个任务,人工,0,1890,4
4层 - 水电管线预留预埋,给排水,其他,1,水电工,240,2026/08/08,2026/08/08,"标准层施工, 暑期施工","1, 2, 3, 4, 5, 6, 7, 8, 9, 10, 11, 12, 13, 14, 15, 16, 17, 18, 19, 20, 22, 24",785.46,m2,否,6小时,1天,人工,梁板底排钢筋绑扎,依赖1个任务,人工,0,240,4
4层 - 楼板上排钢筋绑扎,结构,板,6,钢筋工,1890,2026/08/08,2026/08/09,"标准层施工, 暑期施工","1, 2, 3, 4, 5, 6, 7, 8, 9, 10, 11, 12, 13, 14, 15, 16, 17, 18, 19, 20, 22, 24",8.82,吨,否,9小时,1天,人工,梁板底排钢筋绑扎,依赖1个任务,人工,0,1890,4
4层 - 梁板钢筋验收,,梁,,,0,2026/08/09,2026/08/09,"标准层施工, 暑期施工","1, 2, 3, 4, 5, 6, 7, 8, 9, 10, 11, 12, 13, 14, 15, 16, 17, 18, 19, 20, 22, 24, 26",,,否,4小时,1天,人工,楼板上排钢筋绑扎,依赖1个任务,人工,0,0,4
4层 - 水电验收,,其他,,,0,2026/08/09,2026/08/09,"标准层施工, 暑期施工","1, 2, 3, 4, 5, 6, 7, 8, 9, 10, 11, 12, 13, 14, 15, 16, 17, 18, 19, 20, 22, 24, 25",,,否,4小时,1天,人工,水电管线预留预埋,依赖1个任务,人工,0,0,4
4层 - 梁板混凝土浇筑,结构,梁,8,混凝土工,68563.1,2026/08/09,2026/08/09,"标准层施工, 暑期施工","1, 2, 3, 4, 5, 6, 7, 8, 9, 10, 11, 12, 13, 14, 15, 16, 17, 18, 19, 20, 22, 24, 26, 28",129.06,m3,否,7小时,1天,"木模板, 铝模板, 塑料模板, 大模板","楼板上排钢筋绑扎, 水电验收",依赖2个任务,木模板,67107.0961,1456,4
4层 - 梁板混凝土养护,结构,梁,2,不限,2688,2026/08/09,2026/08/13,"标准层施工, 暑期施工","1, 2, 3, 4, 5, 6, 7, 8, 9, 10, 11, 12, 13, 14, 15, 16, 17, 18, 19, 20, 22, 24, 26, 28, 29",,,否,7天,7天,人工,梁板混凝土浇筑,依赖1个任务,人工,0,2688,4
4层 - 梁板混凝土拆模,结构,梁,4,木工,1800,2026/08/13,2026/08/14,"标准层施工, 暑期施工","1, 2, 3, 4, 5, 6, 7, 8, 9, 10, 11, 12, 13, 14, 15, 16, 17, 18, 19, 20, 22, 24, 26, 28, 30, 30",129.06,m3,否,10小时,1天,人工,梁板混凝土养护,依赖1个任务,人工,0,1800,4
4层 - 隔墙测量放线,建筑,其他,2,测量员,80,2026/08/07,2026/08/07,"标准层施工, 暑期施工","1, 2, 3, 4, 5, 6, 7, 8, 9, 10, 11, 12, 13, 14, 15, 16, 17",785.46,m2,否,2小时,1天,人工,"短肢剪力墙模板拆除, 柱模板拆除",依赖2个任务,人工,0,80,4
4层 - 隔墙墙体砌筑及墙板安装,建筑,板,2,砌筑工,74633.3,2026/08/07,2026/08/11,"标准层施工, 暑期施工","1, 2, 3, 4, 5, 6, 7, 8, 9, 10, 11, 12, 13, 14, 15, 16, 17, 32",60.25,m3,否,6天3小时,7天,"蒸压加气块, 混凝土标准砖, 粘土标准砖, ALC板, 石膏板, 轻质隔墙板",隔墙测量放线,依赖1个任务,蒸压加气块,69833.296,4800,4
4层 - 水电管线预留预埋,给排水,其他,1,水电工,240,2026/08/11,2026/08/11,"标准层施工, 暑期施工","1, 2, 3, 4, 5, 6, 7, 8, 9, 10, 11, 12, 13, 14, 15, 16, 17, 32, 33",785.46,m2,否,6小时,1天,人工,隔墙墙体砌筑及墙板安装,依赖1个任务,人工,0,240,4
4层 - 隔墙墙体砌筑验收,,其他,,,0,2026/08/11,2026/08/11,"标准层施工, 暑期施工","1, 2, 3, 4, 5, 6, 7, 8, 9, 10, 11, 12, 13, 14, 15, 16, 17, 32, 33, 34",,,否,2小时,1天,人工,水电管线预留预埋,依赖1个任务,人工,0,0,4
4层 - 水电验收,,其他,,,0,2026/08/11,2026/08/11,"标准层施工, 暑期施工","1, 2, 3, 4, 5, 6, 7, 8, 9, 10, 11, 12, 13, 14, 15, 16, 17, 32, 33, 35",,,否,2小时,1天,人工,隔墙墙体砌筑验收,依赖1个任务,人工,0,0,4
4层 - 窗框安装,建筑,其他,2,不限,176700.34,2026/08/11,2026/08/11,"标准层施工, 暑期施工","1, 2, 3, 4, 5, 6, 7, 8, 9, 10, 11, 12, 13, 14, 15, 16, 17, 32, 33, 35",190.59,m2,否,4小时,1天,人工,隔墙墙体砌筑验收,依赖1个任务,人工,176572.3413,128,4
4层 - 窗框验收,,其他,,,0,2026/08/11,2026/08/12,"标准层施工, 暑期施工","1, 2, 3, 4, 5, 6, 7, 8, 9, 10, 11, 12, 13, 14, 15, 16, 17, 32, 33, 37",,,否,4小时,1天,人工,窗框安装,依赖1个任务,人工,0,0,4
4层 - 外墙面保温施工,建筑,其他,6,抹灰工,65627.77,2026/08/12,2026/08/22,"标准层施工, 暑期施工","1, 2, 3, 4, 5, 6, 7, 8, 9, 10, 11, 12, 13, 14, 15, 16, 17, 32, 33, 37, 38",340.3,m2,否,16天6小时,17天,人工,窗框验收,依赖1个任务,人工,27611.7719,38016,4
4层 - 外墙面腻子一道,建筑,其他,6,抹灰工,24384,2026/08/22,2026/08/29,"标准层施工, 暑期施工","1, 2, 3, 4, 5, 6, 7, 8, 9, 10, 11, 12, 13, 14, 15, 16, 17, 32, 33, 37, 38, 39",340.3,m2,否,10天7小时,11天,人工,外墙面保温施工,依赖1个任务,人工,0,24384,4
4层 - 外墙面腻子二道,建筑,其他,6,抹灰工,22464,2026/08/29,2026/09/04,"标准层施工, 暑期施工","1, 2, 3, 4, 5, 6, 7, 8, 9, 10, 11, 12, 13, 14, 15, 16, 17, 32, 33, 37, 38, 39, 40",340.3,m2,否,9天9小时,10天,人工,外墙面腻子一道,依赖1个任务,人工,0,22464,4
4层 - 外墙涂料面层,建筑,其他,6,抹灰工,32064,2026/09/04,2026/09/12,"标准层施工, 暑期施工","1, 2, 3, 4, 5, 6, 7, 8, 9, 10, 11, 12, 13, 14, 15, 16, 17, 32, 33, 37, 38, 39, 40, 41",340.3,m2,否,13天11小时,14天,人工,外墙面腻子二道,依赖1个任务,人工,0,32064,4
4层 - 内墙面保温,建筑,其他,6,抹灰工,30070.77,2026/08/12,2026/08/13,"标准层施工, 暑期施工","1, 2, 3, 4, 5, 6, 7, 8, 9, 10, 11, 12, 13, 14, 15, 16, 17, 32, 33, 37, 38",1455.27,m2,否,2天4小时,3天,人工,窗框验收,依赖1个任务,人工,24694.7677,5376,4
4层 - 内墙面抹灰,建筑,其他,6,抹灰工,5376,2026/08/13,2026/08/15,"标准层施工, 暑期施工","1, 2, 3, 4, 5, 6, 7, 8, 9, 10, 11, 12, 13, 14, 15, 16, 17, 32, 33, 37, 38, 43",1455.27,m2,否,2天4小时,3天,人工,内墙面保温,依赖1个任务,人工,0,5376,4
4层 - 外墙面验收,,其他,,,0,2026/09/12,2026/09/13,"标准层施工, 暑期施工","1, 2, 3, 4, 5, 6, 7, 8, 9, 10, 11, 12, 13, 14, 15, 16, 17, 32, 33, 37, 38, 39, 40, 41, 42",,,否,4小时,1天,人工,外墙涂料面层,依赖1个任务,人工,0,0,4
4层 - 内墙面验收,,其他,,,0,2026/08/15,2026/08/15,"标准层施工, 暑期施工","1, 2, 3, 4, 5, 6, 7, 8, 9, 10, 11, 12, 13, 14, 15, 16, 17, 32, 33, 37, 38, 43, 44",,,否,4小时,1天,人工,内墙面抹灰,依赖1个任务,人工,0,0,4
4层 - 有水房间防水施工,建筑,其他,2,防水工,4800,2026/08/15,2026/08/21,"标准层施工, 暑期施工","1, 2, 3, 4, 5, 6, 7, 8, 9, 10, 11, 12, 13, 14, 15, 16, 17, 32, 33, 37, 38, 43, 44, 46",,,否,10天,10天,人工,内墙面验收,依赖1个任务,人工,0,4800,4
4层 - 防水保护层施工,建筑,其他,2,防水工,5760,2026/08/21,2026/08/28,"标准层施工, 暑期施工","1, 2, 3, 4, 5, 6, 7, 8, 9, 10, 11, 12, 13, 14, 15, 16, 17, 32, 33, 37, 38, 43, 44, 46, 47",,,否,12天,12天,人工,有水房间防水施工,依赖1个任务,人工,0,5760,4
4层 - 防水保护层养护,建筑,其他,2,防水工,6720,2026/08/29,2026/09/06,"标准层施工, 暑期施工","1, 2, 3, 4, 5, 6, 7, 8, 9, 10, 11, 12, 13, 14, 15, 16, 17, 32, 33, 37, 38, 43, 44, 46, 47, 48",,,否,14天,14天,人工,防水保护层施工,依赖1个任务,人工,0,6720,4
4层 - 水立管安装与调试,给排水,其他,4,水电工,640,2026/09/07,2026/09/07,"标准层施工, 暑期施工","1, 2, 3, 4, 5, 6, 7, 8, 9, 10, 11, 12, 13, 14, 15, 16, 17, 32, 33, 37, 38, 43, 44, 46, 47, 48, 49",785.46,m2,否,4小时,1天,人工,防水保护层养护,依赖1个任务,人工,0,640,4
4层 - 水干管安装与调试,给排水,其他,4,水电工,1280,2026/09/07,2026/09/07,"标准层施工, 暑期施工","1, 2, 3, 4, 5, 6, 7, 8, 9, 10, 11, 12, 13, 14, 15, 16, 17, 32, 33, 37, 38, 43, 44, 46, 47, 48, 49, 50",785.46,m2,否,8小时,1天,人工,水立管安装与调试,依赖1个任务,人工,0,1280,4
4层 - 水支管安装与调试,给排水,其他,4,水电工,1280,2026/09/07,2026/09/07,"标准层施工, 暑期施工","1, 2, 3, 4, 5, 6, 7, 8, 9, 10, 11, 12, 13, 14, 15, 16, 17, 32, 33, 37, 38, 43, 44, 46, 47, 48, 49, 50, 51",785.46,m2,否,8小时,1天,人工,水干管安装与调试,依赖1个任务,人工,0,1280,4
4层 - 地盘管安装与调试,暖,其他,6,水电工,28320,2026/09/07,2026/09/12,"标准层施工, 暑期施工","1, 2, 3, 4, 5, 6, 7, 8, 9, 10, 11, 12, 13, 14, 15, 16, 17, 32, 33, 37, 38, 43, 44, 46, 47, 48, 49",785.46,m2,否,9天10小时,10天,人工,防水保护层养护,依赖1个任务,人工,0,28320,4
4层 - 水管盘管验收,,其他,,,0,2026/09/12,2026/09/13,"标准层施工, 暑期施工","1, 2, 3, 4, 5, 6, 7, 8, 9, 10, 11, 12, 13, 14, 15, 16, 17, 32, 33, 37, 38, 43, 44, 46, 47, 48, 49, 50, 51, 52, 53",,,否,4小时,1天,人工,"水支管安装与调试, 地盘管安装与调试",依赖2个任务,人工,0,0,4
4层 - 门框安装,建筑,其他,3,不限,480,2026/09/13,2026/09/13,"标准层施工, 暑期施工","1, 2, 3, 4, 5, 6, 7, 8, 9, 10, 11, 12, 13, 14, 15, 16, 17, 32, 33, 37, 38, 43, 44, 46, 47, 48, 49, 50, 51, 52, 53, 54",166.34,m2,否,10小时,1天,人工,水管盘管验收,依赖1个任务,人工,0,480,4
4层 - 门框验收,,其他,,,0,2026/09/13,2026/09/14,"标准层施工, 暑期施工","1, 2, 3, 4, 5, 6, 7, 8, 9, 10, 11, 12, 13, 14, 15, 16, 17, 32, 33, 37, 38, 43, 44, 46, 47, 48, 49, 50, 51, 52, 53, 54, 55",,,否,4小时,1天,人工,门框安装,依赖1个任务,人工,0,0,4
4层 - 楼面基层施工,建筑,其他,2,抹灰工,3072,2026/09/14,2026/09/16,"标准层施工, 暑期施工","1, 2, 3, 4, 5, 6, 7, 8, 9, 10, 11, 12, 13, 14, 15, 16, 17, 32, 33, 37, 38, 43, 44, 46, 47, 48, 49, 50, 51, 52, 53, 54, 55, 56",785.46,m2,否,4天,4天,人工,门框验收,依赖1个任务,人工,0,3072,4
4层 - 穿带线安装,电,其他,2,水电工,8640,2026/09/16,2026/09/22,"标准层施工, 暑期施工","1, 2, 3, 4, 5, 6, 7, 8, 9, 10, 11, 12, 13, 14, 15, 16, 17, 32, 33, 37, 38, 43, 44, 46, 47, 48, 49, 50, 51, 52, 53, 54, 55, 56, 57",785.46,m2,否,9天,9天,人工,楼面基层施工,依赖1个任务,人工,0,8640,4
4层 - 电箱安装,电,其他,2,水电工,8640,2026/09/22,2026/09/27,"标准层施工, 暑期施工","1, 2, 3, 4, 5, 6, 7, 8, 9, 10, 11, 12, 13, 14, 15, 16, 17, 32, 33, 37, 38, 43, 44, 46, 47, 48, 49, 50, 51, 52, 53, 54, 55, 56, 57, 58",785.46,m2,否,9天,9天,人工,穿带线安装,依赖1个任务,人工,0,8640,4
4层 - 电盒安装,电,其他,2,水电工,8640,2026/09/27,2026/10/03,"标准层施工, 暑期施工","1, 2, 3, 4, 5, 6, 7, 8, 9, 10, 11, 12, 13, 14, 15, 16, 17, 32, 33, 37, 38, 43, 44, 46, 47, 48, 49, 50, 51, 52, 53, 54, 55, 56, 57, 58, 59",785.46,m2,否,9天,9天,人工,电箱安装,依赖1个任务,人工,0,8640,4
4层 - 穿带线、电箱、电盒验收,电,其他,,,0,2026/10/03,2026/10/03,"标准层施工, 暑期施工","1, 2, 3, 4, 5, 6, 7, 8, 9, 10, 11, 12, 13, 14, 15, 16, 17, 32, 33, 37, 38, 43, 44, 46, 47, 48, 49, 50, 51, 52, 53, 54, 55, 56, 57, 58, 59, 60",,,否,4小时,1天,人工,电盒安装,依赖1个任务,人工,0,0,4
4层 - 门窗扇五金安装,建筑,其他,2,不限,2240,2026/10/03,2026/10/07,"标准层施工, 暑期施工","1, 2, 3, 4, 5, 6, 7, 8, 9, 10, 11, 12, 13, 14, 15, 16, 17, 32, 33, 37, 38, 43, 44, 46, 47, 48, 49, 50, 51, 52, 53, 54, 55, 56, 57, 58, 59, 60",356.93,m2,否,5天10小时,6天,人工,电盒安装,依赖1个任务,人工,0,2240,4
4层 - 顶棚腻子,建筑,其他,3,抹灰工,3456,2026/10/03,2026/10/05,"标准层施工, 暑期施工","1, 2, 3, 4, 5, 6, 7, 8, 9, 10, 11, 12, 13, 14, 15, 16, 17, 32, 33, 37, 38, 43, 44, 46, 47, 48, 49, 50, 51, 52, 53, 54, 55, 56, 57, 58, 59, 61",785.46,m2,否,3天,3天,人工,穿带线、电箱、电盒验收,依赖1个任务,人工,0,3456,4
4层 - 墙面石膏、腻子,建筑,其他,5,抹灰工,11040,2026/10/05,2026/10/09,"标准层施工, 暑期施工","1, 2, 3, 4, 5, 6, 7, 8, 9, 10, 11, 12, 13, 14, 15, 16, 17, 32, 33, 37, 38, 43, 44, 46, 47, 48, 49, 50, 51, 52, 53, 54, 55, 56, 57, 58, 59, 60, 63",1455.27,m2,否,5天9小时,6天,人工,顶棚腻子,依赖1个任务,人工,0,11040,4
4层 - 电线、电缆安装,电,其他,2,抹灰工,9216,2026/10/09,2026/10/16,"标准层施工, 暑期施工","1, 2, 3, 4, 5, 6, 7, 8, 9, 10, 11, 12, 13, 14, 15, 16, 17, 32, 33, 37, 38, 43, 44, 46, 47, 48, 49, 50, 51, 52, 53, 54, 55, 56, 57, 58, 59, 60, 63, 64",785.46,m2,否,12天,12天,人工,墙面石膏、腻子,依赖1个任务,人工,0,9216,4
4层 - 楼面面层抹灰,建筑,其他,3,水电工,2880,2026/10/16,2026/10/17,"标准层施工, 暑期施工","1, 2, 3, 4, 5, 6, 7, 8, 9, 10, 11, 12, 13, 14, 15, 16, 17, 32, 33, 37, 38, 43, 44, 46, 47, 48, 49, 50, 51, 52, 53, 54, 55, 56, 57, 58, 59, 60, 63, 64, 65",785.46,m2,否,2天,2天,人工,电线、电缆安装,依赖1个任务,人工,0,2880,4
4层 - 面砖铺贴,建筑,其他,5,砌筑工,3840,2026/10/17,2026/10/19,"标准层施工, 暑期施工","1, 2, 3, 4, 5, 6, 7, 8, 9, 10, 11, 12, 13, 14, 15, 16, 17, 32, 33, 37, 38, 43, 44, 46, 47, 48, 49, 50, 51, 52, 53, 54, 55, 56, 57, 58, 59, 60, 63, 64, 65, 66",785.46,m2,否,2天,2天,人工,楼面面层抹灰,依赖1个任务,人工,0,3840,4
4层 - 开关面板安装,电,板,2,水电工,7680,2026/10/19,2026/10/24,"标准层施工, 暑期施工","1, 2, 3, 4, 5, 6, 7, 8, 9, 10, 11, 12, 13, 14, 15, 16, 17, 32, 33, 37, 38, 43, 44, 46, 47, 48, 49, 50, 51, 52, 53, 54, 55, 56, 57, 58, 59, 60, 63, 64, 65, 66, 67",,,否,8天,8天,人工,面砖铺贴,依赖1个任务,人工,0,7680,4
4层 - 顶棚壁纸施工,建筑,其他,2,抹灰工,1536,2026/10/24,2026/10/25,"标准层施工, 暑期施工","1, 2, 3, 4, 5, 6, 7, 8, 9, 10, 11, 12, 13, 14, 15, 16, 17, 32, 33, 37, 38, 43, 44, 46, 47, 48, 49, 50, 51, 52, 53, 54, 55, 56, 57, 58, 59, 60, 63, 64, 65, 66, 67, 68",785.46,m2,否,2天,2天,人工,开关面板安装,依赖1个任务,人工,0,1536,4
4层 - 内墙面涂料、壁纸施工,建筑,其他,4,抹灰工,8832,2026/10/25,2026/10/29,"标准层施工, 暑期施工","1, 2, 3, 4, 5, 6, 7, 8, 9, 10, 11, 12, 13, 14, 15, 16, 17, 32, 33, 37, 38, 43, 44, 46, 47, 48, 49, 50, 51, 52, 53, 54, 55, 56, 57, 58, 59, 60, 63, 64, 65, 66, 67, 68, 69",1455.27,m2,否,5天9小时,6天,人工,顶棚壁纸施工,依赖1个任务,人工,0,8832,4
4层 - 灯具安装,电,其他,2,水电工,960,2026/10/29,2026/10/29,"标准层施工, 暑期施工","1, 2, 3, 4, 5, 6, 7, 8, 9, 10, 11, 12, 13, 14, 15, 16, 17, 32, 33, 37, 38, 43, 44, 46, 47, 48, 49, 50, 51, 52, 53, 54, 55, 56, 57, 58, 59, 60, 63, 64, 65, 66, 67, 68, 69, 70",,,否,1天,1天,人工,内墙面涂料、壁纸施工,依赖1个任务,人工,0,960,4
4层 - 洁具安装,给排水,其他,2,水电工,960,2026/10/29,2026/10/29,"标准层施工, 暑期施工","1, 2, 3, 4, 5, 6, 7, 8, 9, 10, 11, 12, 13, 14, 15, 16, 17, 32, 33, 37, 38, 43, 44, 46, 47, 48, 49, 50, 51, 52, 53, 54, 55, 56, 57, 58, 59, 60, 63, 64, 65, 66, 67, 68, 69, 70",,,否,1天,1天,人工,内墙面涂料、壁纸施工,依赖1个任务,人工,0,960,4
4层 - 公共部位楼梯栏杆安装,建筑,其他,2,不限,384,2026/10/29,2026/10/29,"标准层施工, 暑期施工","1, 2, 3, 4, 5, 6, 7, 8, 9, 10, 11, 12, 13, 14, 15, 16, 17, 32, 33, 37, 38, 43, 44, 46, 47, 48, 49, 50, 51, 52, 53, 54, 55, 56, 57, 58, 59, 60, 63, 64, 65, 66, 67, 68, 69, 70",,,否,1天,1天,人工,内墙面涂料、壁纸施工,依赖1个任务,人工,0,384,4
4层 - 消防系统安装,,其他,,,0,2026/10/29,2026/11/13,"标准层施工, 暑期施工","1, 2, 3, 4, 5, 6, 7, 8, 9, 10, 11, 12, 13, 14, 15, 16, 17, 32, 33, 37, 38, 43, 44, 46, 47, 48, 49, 50, 51, 52, 53, 54, 55, 56, 57, 58, 59, 60, 63, 64, 65, 66, 67, 68, 69, 70",785.46,m2,否,25天,25天,人工,内墙面涂料、壁纸施工,依赖1个任务,人工,0,0,4
4层 - 弱电及智能系统安装,,其他,,,0,2026/10/29,2026/11/10,"标准层施工, 暑期施工","1, 2, 3, 4, 5, 6, 7, 8, 9, 10, 11, 12, 13, 14, 15, 16, 17, 32, 33, 37, 38, 43, 44, 46, 47, 48, 49, 50, 51, 52, 53, 54, 55, 56, 57, 58, 59, 60, 63, 64, 65, 66, 67, 68, 69, 70",785.46,m2,否,20天,20天,人工,内墙面涂料、壁纸施工,依赖1个任务,人工,0,0,4
5层 - 柱、墙、梁、板钢筋制作,,柱,3,钢筋工,118729,2026/11/13,2026/11/15,"标准层施工, 暑期施工",,25.61,吨,否,2天9小时,3天,人工制作,无,,人工制作,115264,3465,5
5层 - 柱测量放线,结构,柱,2,测量员,80,2026/11/13,2026/11/13,"标准层施工, 暑期施工",,785.46,m2,否,2小时,1天,水准仪,无,,水准仪,0,80,5
5层 - 剪力墙放线,结构,剪力墙,2,测量员,80,2026/11/13,2026/11/13,"标准层施工, 暑期施工",,785.46,m2,否,2小时,1天,水准仪,无,,水准仪,0,80,5
5层 - 柱钢筋绑扎,结构,柱,8,钢筋工,0,2026/11/15,2026/11/15,"标准层施工, 暑期施工","1, 2",0,吨,否,0小时,0天,人工,"柱、墙、梁、板钢筋制作, 柱测量放线",依赖2个任务,人工,0,0,5
5层 - 短肢剪力墙钢筋绑扎,结构,剪力墙,8,钢筋工,3360,2026/11/15,2026/11/15,"标准层施工, 暑期施工","1, 3",8.28,吨,否,1天,1天,人工,"柱、墙、梁、板钢筋制作, 剪力墙放线",依赖2个任务,人工,0,3360,5
5层 - 柱钢筋验收,,柱,,,0,2026/11/15,2026/11/15,"标准层施工, 暑期施工","1, 2, 4",,,否,4小时,1天,人工,柱钢筋绑扎,依赖1个任务,人工,0,0,5
5层 - 剪力墙钢筋验收,,剪力墙,,,0,2026/11/15,2026/11/16,"标准层施工, 暑期施工","1, 2, 5",,,否,4小时,1天,人工,"柱测量放线, 短肢剪力墙钢筋绑扎",依赖2个任务,人工,0,0,5
5层 - 柱模板拼装,结构,柱,4,木工,0,2026/11/15,2026/11/15,"标准层施工, 暑期施工","1, 2, 4, 6",0,m2,否,0小时,0天,"木模板, 铝模板, 塑料模板, 大模板",柱钢筋验收,依赖1个任务,木模板,0,0,5
5层 - 剪力墙模板拼装,结构,剪力墙,4,木工,14994,2026/11/16,2026/11/17,"标准层施工, 暑期施工","1, 3, 5, 7",951.66,m2,否,1天8小时,2天,"木模板, 铝模板, 塑料模板, 大模板",剪力墙钢筋验收,依赖1个任务,木模板,11394,3600,5
5层 - 墙模板验收,,板,,,0,2026/11/17,2026/11/17,"标准层施工, 暑期施工","1, 3, 5, 7, 9",,,否,4小时,1天,人工,剪力墙模板拼装,依赖1个任务,人工,0,0,5
5层 - 柱模板验收,,柱,,,0,2026/11/15,2026/11/15,"标准层施工, 暑期施工","1, 2, 4, 6, 8",,,否,4小时,1天,人工,柱模板拼装,依赖1个任务,人工,0,0,5
5层 - 短肢剪力墙混凝土浇筑,结构,剪力墙,8,混凝土工,38430.73,2026/11/19,2026/11/20,"标准层施工, 暑期施工","1, 3, 5, 7, 9, 10",92.62,m3,否,5小时,1天,"固定泵1个, 固定泵2个, 移动泵1个, 移动泵2个",墙模板验收,依赖1个任务,固定泵1个,37390.7342,1040,5
5层 - 短肢剪力墙混凝土养护,结构,剪力墙,2,不限,2688,2026/11/20,2026/11/24,"标准层施工, 暑期施工","1, 3, 5, 7, 9, 10, 12",,,否,7天,7天,人工,短肢剪力墙混凝土浇筑,依赖1个任务,人工,0,2688,5
5层 - 柱混凝土浇筑,结构,柱,4,混凝土工,0,2026/11/19,2026/11/19,"标准层施工, 暑期施工","1, 2, 4, 6, 8, 11",0,m3,否,0小时,0天,"固定泵1个, 固定泵2个, 移动泵1个, 移动泵2个",柱模板验收,依赖1个任务,固定泵1个,0,0,5
5层 - 柱混凝土养护,结构,柱,2,不限,2688,2026/11/19,2026/11/24,"标准层施工, 暑期施工","1, 2, 4, 6, 8, 11, 14",,,否,7天,7天,人工,柱混凝土浇筑,依赖1个任务,人工,0,2688,5
5层 - 短肢剪力墙模板拆除,结构,剪力墙,4,木工,1800,2026/11/24,2026/11/25,"标准层施工, 暑期施工","1, 3, 5, 7, 9, 10, 12, 13",951.66,m2,否,10小时,1天,人工,短肢剪力墙混凝土养护,依赖1个任务,人工,0,1800,5
5层 - 柱模板拆除,结构,柱,4,木工,0,2026/11/24,2026/11/24,"标准层施工, 暑期施工","1, 2, 4, 6, 8, 11, 14, 15",0,m2,否,0小时,0天,人工,柱混凝土养护,依赖1个任务,人工,0,0,5
5层 - 预制叠合板安装,结构,板,3,不限,12981.55,2026/11/25,2026/11/25,"标准层施工, 暑期施工","1, 2, 3, 4, 5, 6, 7, 8, 9, 10, 11, 12, 13, 14, 15, 16, 17",785.46,m2,否,1天,1天,人工＋机械,"短肢剪力墙模板拆除, 柱模板拆除",依赖2个任务,人工＋机械,12405.546,576,5
5层 - 钢筋桁架楼承板安装,结构,板,3,木工,1620,2026/11/25,2026/11/25,"标准层施工, 暑期施工","1, 2, 3, 4, 5, 6, 7, 8, 9, 10, 11, 12, 13, 14, 15, 16, 17",785.46,m2,否,1天,1天,人工＋机械,"短肢剪力墙模板拆除, 柱模板拆除",依赖2个任务,人工＋机械,0,1620,5
5层 - 梁板模板拼装,结构,梁,4,木工,56577.68,2026/11/25,2026/11/25,"标准层施工, 暑期施工","1, 2, 3, 4, 5, 6, 7, 8, 9, 10, 11, 12, 13, 14, 15, 16, 17",898.8,m2,否,1天2小时,2天,"木模板, 铝模板, 塑料模板, 大模板","短肢剪力墙模板拆除, 柱模板拆除",依赖2个任务,木模板,54057.6773,2520,5
5层 - 楼梯模板拼装,结构,板,4,木工,4444.49,2026/11/25,2026/11/25,"标准层施工, 暑期施工","1, 2, 3, 4, 5, 6, 7, 8, 9, 10, 11, 12, 13, 14, 15, 16, 17",25.25,m2,否,6小时,1天,"木模板, 铝模板, 塑料模板","短肢剪力墙模板拆除, 柱模板拆除",依赖2个任务,木模板,3364.4868,1080,5
5层 - 梁板模板验收,,梁,,,0,2026/11/25,2026/11/25,"标准层施工, 暑期施工","1, 2, 3, 4, 5, 6, 7, 8, 9, 10, 11, 12, 13, 14, 15, 16, 17, 18, 19, 20",,,否,4小时,1天,人工,"预制叠合板安装, 钢筋桁架楼承板安装, 梁板模板拼装",依赖3个任务,人工,0,0,5
5层 - 楼梯模板验收,,板,,,0,2026/11/25,2026/11/25,"标准层施工, 暑期施工","1, 2, 3, 4, 5, 6, 7, 8, 9, 10, 11, 12, 13, 14, 15, 16, 17, 18, 19, 20, 21",,,否,4小时,1天,人工,"预制叠合板安装, 钢筋桁架楼承板安装, 梁板模板拼装, 楼梯模板拼装",依赖4个任务,人工,0,0,5
5层 - 梁板底排钢筋绑扎,结构,梁,6,钢筋工,1890,2026/11/25,2026/11/26,"标准层施工, 暑期施工","1, 2, 3, 4, 5, 6, 7, 8, 9, 10, 11, 12, 13, 14, 15, 16, 17, 18, 19, 20, 22",8.82,吨,否,9小时,1天,人工,梁板模板验收,依赖1个任务,人工,0,1890,5
5层 - 水电管线预留预埋,给排水,其他,1,水电工,240,2026/11/26,2026/11/26,"标准层施工, 暑期施工","1, 2, 3, 4, 5, 6, 7, 8, 9, 10, 11, 12, 13, 14, 15, 16, 17, 18, 19, 20, 22, 24",785.46,m2,否,6小时,1天,人工,梁板底排钢筋绑扎,依赖1个任务,人工,0,240,5
5层 - 楼板上排钢筋绑扎,结构,板,6,钢筋工,1890,2026/11/26,2026/11/26,"标准层施工, 暑期施工","1, 2, 3, 4, 5, 6, 7, 8, 9, 10, 11, 12, 13, 14, 15, 16, 17, 18, 19, 20, 22, 24",8.82,吨,否,9小时,1天,人工,梁板底排钢筋绑扎,依赖1个任务,人工,0,1890,5
5层 - 梁板钢筋验收,,梁,,,0,2026/11/26,2026/11/27,"标准层施工, 暑期施工","1, 2, 3, 4, 5, 6, 7, 8, 9, 10, 11, 12, 13, 14, 15, 16, 17, 18, 19, 20, 22, 24, 26",,,否,4小时,1天,人工,楼板上排钢筋绑扎,依赖1个任务,人工,0,0,5
5层 - 水电验收,,其他,,,0,2026/11/26,2026/11/26,"标准层施工, 暑期施工","1, 2, 3, 4, 5, 6, 7, 8, 9, 10, 11, 12, 13, 14, 15, 16, 17, 18, 19, 20, 22, 24, 25",,,否,4小时,1天,人工,水电管线预留预埋,依赖1个任务,人工,0,0,5
5层 - 梁板混凝土浇筑,结构,梁,8,混凝土工,68563.1,2026/11/26,2026/11/27,"标准层施工, 暑期施工","1, 2, 3, 4, 5, 6, 7, 8, 9, 10, 11, 12, 13, 14, 15, 16, 17, 18, 19, 20, 22, 24, 26, 28",129.06,m3,否,7小时,1天,"木模板, 铝模板, 塑料模板, 大模板","楼板上排钢筋绑扎, 水电验收",依赖2个任务,木模板,67107.0961,1456,5
5层 - 梁板混凝土养护,结构,梁,2,不限,2688,2026/11/27,2026/12/01,"标准层施工, 暑期施工","1, 2, 3, 4, 5, 6, 7, 8, 9, 10, 11, 12, 13, 14, 15, 16, 17, 18, 19, 20, 22, 24, 26, 28, 29",,,否,7天,7天,人工,梁板混凝土浇筑,依赖1个任务,人工,0,2688,5
5层 - 梁板混凝土拆模,结构,梁,4,木工,1800,2026/12/01,2026/12/02,"标准层施工, 暑期施工","1, 2, 3, 4, 5, 6, 7, 8, 9, 10, 11, 12, 13, 14, 15, 16, 17, 18, 19, 20, 22, 24, 26, 28, 30, 30",129.06,m3,否,10小时,1天,人工,梁板混凝土养护,依赖1个任务,人工,0,1800,5
5层 - 隔墙测量放线,建筑,其他,2,测量员,80,2026/11/25,2026/11/25,"标准层施工, 暑期施工","1, 2, 3, 4, 5, 6, 7, 8, 9, 10, 11, 12, 13, 14, 15, 16, 17",785.46,m2,否,2小时,1天,人工,"短肢剪力墙模板拆除, 柱模板拆除",依赖2个任务,人工,0,80,5
5层 - 隔墙墙体砌筑及墙板安装,建筑,板,2,砌筑工,74633.3,2026/11/25,2026/11/28,"标准层施工, 暑期施工","1, 2, 3, 4, 5, 6, 7, 8, 9, 10, 11, 12, 13, 14, 15, 16, 17, 32",60.25,m3,否,6天3小时,7天,"蒸压加气块, 混凝土标准砖, 粘土标准砖, ALC板, 石膏板, 轻质隔墙板",隔墙测量放线,依赖1个任务,蒸压加气块,69833.296,4800,5
5层 - 水电管线预留预埋,给排水,其他,1,水电工,240,2026/11/28,2026/11/29,"标准层施工, 暑期施工","1, 2, 3, 4, 5, 6, 7, 8, 9, 10, 11, 12, 13, 14, 15, 16, 17, 32, 33",785.46,m2,否,6小时,1天,人工,隔墙墙体砌筑及墙板安装,依赖1个任务,人工,0,240,5
5层 - 隔墙墙体砌筑验收,,其他,,,0,2026/11/29,2026/11/29,"标准层施工, 暑期施工","1, 2, 3, 4, 5, 6, 7, 8, 9, 10, 11, 12, 13, 14, 15, 16, 17, 32, 33, 34",,,否,2小时,1天,人工,水电管线预留预埋,依赖1个任务,人工,0,0,5
5层 - 水电验收,,其他,,,0,2026/11/29,2026/11/29,"标准层施工, 暑期施工","1, 2, 3, 4, 5, 6, 7, 8, 9, 10, 11, 12, 13, 14, 15, 16, 17, 32, 33, 35",,,否,2小时,1天,人工,隔墙墙体砌筑验收,依赖1个任务,人工,0,0,5
5层 - 窗框安装,建筑,其他,2,不限,176700.34,2026/11/29,2026/11/29,"标准层施工, 暑期施工","1, 2, 3, 4, 5, 6, 7, 8, 9, 10, 11, 12, 13, 14, 15, 16, 17, 32, 33, 35",190.59,m2,否,4小时,1天,人工,隔墙墙体砌筑验收,依赖1个任务,人工,176572.3413,128,5
5层 - 窗框验收,,其他,,,0,2026/11/29,2026/11/29,"标准层施工, 暑期施工","1, 2, 3, 4, 5, 6, 7, 8, 9, 10, 11, 12, 13, 14, 15, 16, 17, 32, 33, 37",,,否,4小时,1天,人工,窗框安装,依赖1个任务,人工,0,0,5
5层 - 外墙面保温施工,建筑,其他,6,抹灰工,65627.77,2026/11/30,2026/12/10,"标准层施工, 暑期施工","1, 2, 3, 4, 5, 6, 7, 8, 9, 10, 11, 12, 13, 14, 15, 16, 17, 32, 33, 37, 38",340.3,m2,否,16天6小时,17天,人工,窗框验收,依赖1个任务,人工,27611.7719,38016,5
5层 - 外墙面腻子一道,建筑,其他,6,抹灰工,24384,2026/12/10,2026/12/16,"标准层施工, 暑期施工","1, 2, 3, 4, 5, 6, 7, 8, 9, 10, 11, 12, 13, 14, 15, 16, 17, 32, 33, 37, 38, 39",340.3,m2,否,10天7小时,11天,人工,外墙面保温施工,依赖1个任务,人工,0,24384,5
5层 - 外墙面腻子二道,建筑,其他,6,抹灰工,22464,2026/12/16,2026/12/22,"标准层施工, 暑期施工","1, 2, 3, 4, 5, 6, 7, 8, 9, 10, 11, 12, 13, 14, 15, 16, 17, 32, 33, 37, 38, 39, 40",340.3,m2,否,9天9小时,10天,人工,外墙面腻子一道,依赖1个任务,人工,0,22464,5
5层 - 外墙涂料面层,建筑,其他,6,抹灰工,32064,2026/12/22,2026/12/31,"标准层施工, 暑期施工","1, 2, 3, 4, 5, 6, 7, 8, 9, 10, 11, 12, 13, 14, 15, 16, 17, 32, 33, 37, 38, 39, 40, 41",340.3,m2,否,13天11小时,14天,人工,外墙面腻子二道,依赖1个任务,人工,0,32064,5
5层 - 内墙面保温,建筑,其他,6,抹灰工,30070.77,2026/11/30,2026/12/01,"标准层施工, 暑期施工","1, 2, 3, 4, 5, 6, 7, 8, 9, 10, 11, 12, 13, 14, 15, 16, 17, 32, 33, 37, 38",1455.27,m2,否,2天4小时,3天,人工,窗框验收,依赖1个任务,人工,24694.7677,5376,5
5层 - 内墙面抹灰,建筑,其他,6,抹灰工,5376,2026/12/01,2026/12/02,"标准层施工, 暑期施工","1, 2, 3, 4, 5, 6, 7, 8, 9, 10, 11, 12, 13, 14, 15, 16, 17, 32, 33, 37, 38, 43",1455.27,m2,否,2天4小时,3天,人工,内墙面保温,依赖1个任务,人工,0,5376,5
5层 - 外墙面验收,,其他,,,0,2026/12/31,2026/12/31,"标准层施工, 暑期施工","1, 2, 3, 4, 5, 6, 7, 8, 9, 10, 11, 12, 13, 14, 15, 16, 17, 32, 33, 37, 38, 39, 40, 41, 42",,,否,4小时,1天,人工,外墙涂料面层,依赖1个任务,人工,0,0,5
5层 - 内墙面验收,,其他,,,0,2026/12/02,2026/12/02,"标准层施工, 暑期施工","1, 2, 3, 4, 5, 6, 7, 8, 9, 10, 11, 12, 13, 14, 15, 16, 17, 32, 33, 37, 38, 43, 44",,,否,4小时,1天,人工,内墙面抹灰,依赖1个任务,人工,0,0,5
5层 - 有水房间防水施工,建筑,其他,2,防水工,4800,2026/12/03,2026/12/09,"标准层施工, 暑期施工","1, 2, 3, 4, 5, 6, 7, 8, 9, 10, 11, 12, 13, 14, 15, 16, 17, 32, 33, 37, 38, 43, 44, 46",,,否,10天,10天,人工,内墙面验收,依赖1个任务,人工,0,4800,5
5层 - 防水保护层施工,建筑,其他,2,防水工,5760,2026/12/09,2026/12/16,"标准层施工, 暑期施工","1, 2, 3, 4, 5, 6, 7, 8, 9, 10, 11, 12, 13, 14, 15, 16, 17, 32, 33, 37, 38, 43, 44, 46, 47",,,否,12天,12天,人工,有水房间防水施工,依赖1个任务,人工,0,5760,5
5层 - 防水保护层养护,建筑,其他,2,防水工,6720,2026/12/16,2026/12/25,"标准层施工, 暑期施工","1, 2, 3, 4, 5, 6, 7, 8, 9, 10, 11, 12, 13, 14, 15, 16, 17, 32, 33, 37, 38, 43, 44, 46, 47, 48",,,否,14天,14天,人工,防水保护层施工,依赖1个任务,人工,0,6720,5
5层 - 水立管安装与调试,给排水,其他,4,水电工,640,2026/12/25,2026/12/25,"标准层施工, 暑期施工","1, 2, 3, 4, 5, 6, 7, 8, 9, 10, 11, 12, 13, 14, 15, 16, 17, 32, 33, 37, 38, 43, 44, 46, 47, 48, 49",785.46,m2,否,4小时,1天,人工,防水保护层养护,依赖1个任务,人工,0,640,5
5层 - 水干管安装与调试,给排水,其他,4,水电工,1280,2026/12/25,2026/12/25,"标准层施工, 暑期施工","1, 2, 3, 4, 5, 6, 7, 8, 9, 10, 11, 12, 13, 14, 15, 16, 17, 32, 33, 37, 38, 43, 44, 46, 47, 48, 49, 50",785.46,m2,否,8小时,1天,人工,水立管安装与调试,依赖1个任务,人工,0,1280,5
5层 - 水支管安装与调试,给排水,其他,4,水电工,1280,2026/12/26,2026/12/26,"标准层施工, 暑期施工","1, 2, 3, 4, 5, 6, 7, 8, 9, 10, 11, 12, 13, 14, 15, 16, 17, 32, 33, 37, 38, 43, 44, 46, 47, 48, 49, 50, 51",785.46,m2,否,8小时,1天,人工,水干管安装与调试,依赖1个任务,人工,0,1280,5
5层 - 地盘管安装与调试,暖,其他,6,水电工,28320,2026/12/25,2026/12/31,"标准层施工, 暑期施工","1, 2, 3, 4, 5, 6, 7, 8, 9, 10, 11, 12, 13, 14, 15, 16, 17, 32, 33, 37, 38, 43, 44, 46, 47, 48, 49",785.46,m2,否,9天10小时,10天,人工,防水保护层养护,依赖1个任务,人工,0,28320,5
5层 - 水管盘管验收,,其他,,,0,2026/12/31,2026/12/31,"标准层施工, 暑期施工","1, 2, 3, 4, 5, 6, 7, 8, 9, 10, 11, 12, 13, 14, 15, 16, 17, 32, 33, 37, 38, 43, 44, 46, 47, 48, 49, 50, 51, 52, 53",,,否,4小时,1天,人工,"水支管安装与调试, 地盘管安装与调试",依赖2个任务,人工,0,0,5
5层 - 门框安装,建筑,其他,3,不限,480,2026/12/31,2027/01/01,"标准层施工, 暑期施工","1, 2, 3, 4, 5, 6, 7, 8, 9, 10, 11, 12, 13, 14, 15, 16, 17, 32, 33, 37, 38, 43, 44, 46, 47, 48, 49, 50, 51, 52, 53, 54",166.34,m2,否,10小时,1天,人工,水管盘管验收,依赖1个任务,人工,0,480,5
5层 - 门框验收,,其他,,,0,2027/01/01,2027/01/01,"标准层施工, 暑期施工","1, 2, 3, 4, 5, 6, 7, 8, 9, 10, 11, 12, 13, 14, 15, 16, 17, 32, 33, 37, 38, 43, 44, 46, 47, 48, 49, 50, 51, 52, 53, 54, 55",,,否,4小时,1天,人工,门框安装,依赖1个任务,人工,0,0,5
5层 - 楼面基层施工,建筑,其他,2,抹灰工,3072,2027/01/01,2027/01/04,"标准层施工, 暑期施工","1, 2, 3, 4, 5, 6, 7, 8, 9, 10, 11, 12, 13, 14, 15, 16, 17, 32, 33, 37, 38, 43, 44, 46, 47, 48, 49, 50, 51, 52, 53, 54, 55, 56",785.46,m2,否,4天,4天,人工,门框验收,依赖1个任务,人工,0,3072,5
5层 - 穿带线安装,电,其他,2,水电工,8640,2027/01/04,2027/01/09,"标准层施工, 暑期施工","1, 2, 3, 4, 5, 6, 7, 8, 9, 10, 11, 12, 13, 14, 15, 16, 17, 32, 33, 37, 38, 43, 44, 46, 47, 48, 49, 50, 51, 52, 53, 54, 55, 56, 57",785.46,m2,否,9天,9天,人工,楼面基层施工,依赖1个任务,人工,0,8640,5
5层 - 电箱安装,电,其他,2,水电工,8640,2027/01/09,2027/01/15,"标准层施工, 暑期施工","1, 2, 3, 4, 5, 6, 7, 8, 9, 10, 11, 12, 13, 14, 15, 16, 17, 32, 33, 37, 38, 43, 44, 46, 47, 48, 49, 50, 51, 52, 53, 54, 55, 56, 57, 58",785.46,m2,否,9天,9天,人工,穿带线安装,依赖1个任务,人工,0,8640,5
5层 - 电盒安装,电,其他,2,水电工,8640,2027/01/15,2027/01/21,"标准层施工, 暑期施工","1, 2, 3, 4, 5, 6, 7, 8, 9, 10, 11, 12, 13, 14, 15, 16, 17, 32, 33, 37, 38, 43, 44, 46, 47, 48, 49, 50, 51, 52, 53, 54, 55, 56, 57, 58, 59",785.46,m2,否,9天,9天,人工,电箱安装,依赖1个任务,人工,0,8640,5
5层 - 穿带线、电箱、电盒验收,电,其他,,,0,2027/01/21,2027/01/21,"标准层施工, 暑期施工","1, 2, 3, 4, 5, 6, 7, 8, 9, 10, 11, 12, 13, 14, 15, 16, 17, 32, 33, 37, 38, 43, 44, 46, 47, 48, 49, 50, 51, 52, 53, 54, 55, 56, 57, 58, 59, 60",,,否,4小时,1天,人工,电盒安装,依赖1个任务,人工,0,0,5
5层 - 门窗扇五金安装,建筑,其他,2,不限,2240,2027/01/21,2027/01/24,"标准层施工, 暑期施工","1, 2, 3, 4, 5, 6, 7, 8, 9, 10, 11, 12, 13, 14, 15, 16, 17, 32, 33, 37, 38, 43, 44, 46, 47, 48, 49, 50, 51, 52, 53, 54, 55, 56, 57, 58, 59, 60",356.93,m2,否,5天10小时,6天,人工,电盒安装,依赖1个任务,人工,0,2240,5
5层 - 顶棚腻子,建筑,其他,3,抹灰工,3456,2027/01/21,2027/01/23,"标准层施工, 暑期施工","1, 2, 3, 4, 5, 6, 7, 8, 9, 10, 11, 12, 13, 14, 15, 16, 17, 32, 33, 37, 38, 43, 44, 46, 47, 48, 49, 50, 51, 52, 53, 54, 55, 56, 57, 58, 59, 61",785.46,m2,否,3天,3天,人工,穿带线、电箱、电盒验收,依赖1个任务,人工,0,3456,5
5层 - 墙面石膏、腻子,建筑,其他,5,抹灰工,11040,2027/01/23,2027/01/26,"标准层施工, 暑期施工","1, 2, 3, 4, 5, 6, 7, 8, 9, 10, 11, 12, 13, 14, 15, 16, 17, 32, 33, 37, 38, 43, 44, 46, 47, 48, 49, 50, 51, 52, 53, 54, 55, 56, 57, 58, 59, 60, 63",1455.27,m2,否,5天9小时,6天,人工,顶棚腻子,依赖1个任务,人工,0,11040,5
5层 - 电线、电缆安装,电,其他,2,抹灰工,9216,2027/01/26,2027/02/03,"标准层施工, 暑期施工","1, 2, 3, 4, 5, 6, 7, 8, 9, 10, 11, 12, 13, 14, 15, 16, 17, 32, 33, 37, 38, 43, 44, 46, 47, 48, 49, 50, 51, 52, 53, 54, 55, 56, 57, 58, 59, 60, 63, 64",785.46,m2,否,12天,12天,人工,墙面石膏、腻子,依赖1个任务,人工,0,9216,5
5层 - 楼面面层抹灰,建筑,其他,3,水电工,2880,2027/02/03,2027/02/04,"标准层施工, 暑期施工","1, 2, 3, 4, 5, 6, 7, 8, 9, 10, 11, 12, 13, 14, 15, 16, 17, 32, 33, 37, 38, 43, 44, 46, 47, 48, 49, 50, 51, 52, 53, 54, 55, 56, 57, 58, 59, 60, 63, 64, 65",785.46,m2,否,2天,2天,人工,电线、电缆安装,依赖1个任务,人工,0,2880,5
5层 - 面砖铺贴,建筑,其他,5,砌筑工,3840,2027/02/04,2027/02/05,"标准层施工, 暑期施工","1, 2, 3, 4, 5, 6, 7, 8, 9, 10, 11, 12, 13, 14, 15, 16, 17, 32, 33, 37, 38, 43, 44, 46, 47, 48, 49, 50, 51, 52, 53, 54, 55, 56, 57, 58, 59, 60, 63, 64, 65, 66",785.46,m2,否,2天,2天,人工,楼面面层抹灰,依赖1个任务,人工,0,3840,5
5层 - 开关面板安装,电,板,2,水电工,7680,2027/02/05,2027/02/10,"标准层施工, 暑期施工","1, 2, 3, 4, 5, 6, 7, 8, 9, 10, 11, 12, 13, 14, 15, 16, 17, 32, 33, 37, 38, 43, 44, 46, 47, 48, 49, 50, 51, 52, 53, 54, 55, 56, 57, 58, 59, 60, 63, 64, 65, 66, 67",,,否,8天,8天,人工,面砖铺贴,依赖1个任务,人工,0,7680,5
5层 - 顶棚壁纸施工,建筑,其他,2,抹灰工,1536,2027/02/10,2027/02/12,"标准层施工, 暑期施工","1, 2, 3, 4, 5, 6, 7, 8, 9, 10, 11, 12, 13, 14, 15, 16, 17, 32, 33, 37, 38, 43, 44, 46, 47, 48, 49, 50, 51, 52, 53, 54, 55, 56, 57, 58, 59, 60, 63, 64, 65, 66, 67, 68",785.46,m2,否,2天,2天,人工,开关面板安装,依赖1个任务,人工,0,1536,5
5层 - 内墙面涂料、壁纸施工,建筑,其他,4,抹灰工,8832,2027/02/12,2027/02/15,"标准层施工, 暑期施工","1, 2, 3, 4, 5, 6, 7, 8, 9, 10, 11, 12, 13, 14, 15, 16, 17, 32, 33, 37, 38, 43, 44, 46, 47, 48, 49, 50, 51, 52, 53, 54, 55, 56, 57, 58, 59, 60, 63, 64, 65, 66, 67, 68, 69",1455.27,m2,否,5天9小时,6天,人工,顶棚壁纸施工,依赖1个任务,人工,0,8832,5
5层 - 灯具安装,电,其他,2,水电工,960,2027/02/15,2027/02/16,"标准层施工, 暑期施工","1, 2, 3, 4, 5, 6, 7, 8, 9, 10, 11, 12, 13, 14, 15, 16, 17, 32, 33, 37, 38, 43, 44, 46, 47, 48, 49, 50, 51, 52, 53, 54, 55, 56, 57, 58, 59, 60, 63, 64, 65, 66, 67, 68, 69, 70",,,否,1天,1天,人工,内墙面涂料、壁纸施工,依赖1个任务,人工,0,960,5
5层 - 洁具安装,给排水,其他,2,水电工,960,2027/02/15,2027/02/16,"标准层施工, 暑期施工","1, 2, 3, 4, 5, 6, 7, 8, 9, 10, 11, 12, 13, 14, 15, 16, 17, 32, 33, 37, 38, 43, 44, 46, 47, 48, 49, 50, 51, 52, 53, 54, 55, 56, 57, 58, 59, 60, 63, 64, 65, 66, 67, 68, 69, 70",,,否,1天,1天,人工,内墙面涂料、壁纸施工,依赖1个任务,人工,0,960,5
5层 - 公共部位楼梯栏杆安装,建筑,其他,2,不限,384,2027/02/15,2027/02/16,"标准层施工, 暑期施工","1, 2, 3, 4, 5, 6, 7, 8, 9, 10, 11, 12, 13, 14, 15, 16, 17, 32, 33, 37, 38, 43, 44, 46, 47, 48, 49, 50, 51, 52, 53, 54, 55, 56, 57, 58, 59, 60, 63, 64, 65, 66, 67, 68, 69, 70",,,否,1天,1天,人工,内墙面涂料、壁纸施工,依赖1个任务,人工,0,384,5
5层 - 消防系统安装,,其他,,,0,2027/02/15,2027/03/03,"标准层施工, 暑期施工","1, 2, 3, 4, 5, 6, 7, 8, 9, 10, 11, 12, 13, 14, 15, 16, 17, 32, 33, 37, 38, 43, 44, 46, 47, 48, 49, 50, 51, 52, 53, 54, 55, 56, 57, 58, 59, 60, 63, 64, 65, 66, 67, 68, 69, 70",785.46,m2,否,25天,25天,人工,内墙面涂料、壁纸施工,依赖1个任务,人工,0,0,5
5层 - 弱电及智能系统安装,,其他,,,0,2027/02/15,2027/02/28,"标准层施工, 暑期施工","1, 2, 3, 4, 5, 6, 7, 8, 9, 10, 11, 12, 13, 14, 15, 16, 17, 32, 33, 37, 38, 43, 44, 46, 47, 48, 49, 50, 51, 52, 53, 54, 55, 56, 57, 58, 59, 60, 63, 64, 65, 66, 67, 68, 69, 70",785.46,m2,否,20天,20天,人工,内墙面涂料、壁纸施工,依赖1个任务,人工,0,0,5
6层 - 柱、墙、梁、板钢筋制作,,柱,3,钢筋工,118729,2027/03/03,2027/03/04,"标准层施工, 暑期施工",,25.61,吨,否,2天9小时,3天,人工制作,无,,人工制作,115264,3465,6
6层 - 柱测量放线,结构,柱,2,测量员,80,2027/03/03,2027/03/03,"标准层施工, 暑期施工",,785.46,m2,否,2小时,1天,水准仪,无,,水准仪,0,80,6
6层 - 剪力墙放线,结构,剪力墙,2,测量员,80,2027/03/03,2027/03/03,"标准层施工, 暑期施工",,785.46,m2,否,2小时,1天,水准仪,无,,水准仪,0,80,6
6层 - 柱钢筋绑扎,结构,柱,8,钢筋工,0,2027/03/04,2027/03/04,"标准层施工, 暑期施工","1, 2",0,吨,否,0小时,0天,人工,"柱、墙、梁、板钢筋制作, 柱测量放线",依赖2个任务,人工,0,0,6
6层 - 短肢剪力墙钢筋绑扎,结构,剪力墙,8,钢筋工,3360,2027/03/04,2027/03/05,"标准层施工, 暑期施工","1, 3",8.28,吨,否,1天,1天,人工,"柱、墙、梁、板钢筋制作, 剪力墙放线",依赖2个任务,人工,0,3360,6
6层 - 柱钢筋验收,,柱,,,0,2027/03/04,2027/03/05,"标准层施工, 暑期施工","1, 2, 4",,,否,4小时,1天,人工,柱钢筋绑扎,依赖1个任务,人工,0,0,6
6层 - 剪力墙钢筋验收,,剪力墙,,,0,2027/03/05,2027/03/05,"标准层施工, 暑期施工","1, 2, 5",,,否,4小时,1天,人工,"柱测量放线, 短肢剪力墙钢筋绑扎",依赖2个任务,人工,0,0,6
6层 - 柱模板拼装,结构,柱,4,木工,0,2027/03/05,2027/03/05,"标准层施工, 暑期施工","1, 2, 4, 6",0,m2,否,0小时,0天,"木模板, 铝模板, 塑料模板, 大模板",柱钢筋验收,依赖1个任务,木模板,0,0,6
6层 - 剪力墙模板拼装,结构,剪力墙,4,木工,14994,2027/03/05,2027/03/06,"标准层施工, 暑期施工","1, 3, 5, 7",951.66,m2,否,1天8小时,2天,"木模板, 铝模板, 塑料模板, 大模板",剪力墙钢筋验收,依赖1个任务,木模板,11394,3600,6
6层 - 墙模板验收,,板,,,0,2027/03/06,2027/03/07,"标准层施工, 暑期施工","1, 3, 5, 7, 9",,,否,4小时,1天,人工,剪力墙模板拼装,依赖1个任务,人工,0,0,6
6层 - 柱模板验收,,柱,,,0,2027/03/05,2027/03/05,"标准层施工, 暑期施工","1, 2, 4, 6, 8",,,否,4小时,1天,人工,柱模板拼装,依赖1个任务,人工,0,0,6
6层 - 短肢剪力墙混凝土浇筑,结构,剪力墙,8,混凝土工,38430.73,2027/03/09,2027/03/09,"标准层施工, 暑期施工","1, 3, 5, 7, 9, 10",92.62,m3,否,5小时,1天,"固定泵1个, 固定泵2个, 移动泵1个, 移动泵2个",墙模板验收,依赖1个任务,固定泵1个,37390.7342,1040,6
6层 - 短肢剪力墙混凝土养护,结构,剪力墙,2,不限,2688,2027/03/09,2027/03/14,"标准层施工, 暑期施工","1, 3, 5, 7, 9, 10, 12",,,否,7天,7天,人工,短肢剪力墙混凝土浇筑,依赖1个任务,人工,0,2688,6
6层 - 柱混凝土浇筑,结构,柱,4,混凝土工,0,2027/03/09,2027/03/09,"标准层施工, 暑期施工","1, 2, 4, 6, 8, 11",0,m3,否,0小时,0天,"固定泵1个, 固定泵2个, 移动泵1个, 移动泵2个",柱模板验收,依赖1个任务,固定泵1个,0,0,6
6层 - 柱混凝土养护,结构,柱,2,不限,2688,2027/03/09,2027/03/13,"标准层施工, 暑期施工","1, 2, 4, 6, 8, 11, 14",,,否,7天,7天,人工,柱混凝土浇筑,依赖1个任务,人工,0,2688,6
6层 - 短肢剪力墙模板拆除,结构,剪力墙,4,木工,1800,2027/03/14,2027/03/14,"标准层施工, 暑期施工","1, 3, 5, 7, 9, 10, 12, 13",951.66,m2,否,10小时,1天,人工,短肢剪力墙混凝土养护,依赖1个任务,人工,0,1800,6
6层 - 柱模板拆除,结构,柱,4,木工,0,2027/03/13,2027/03/13,"标准层施工, 暑期施工","1, 2, 4, 6, 8, 11, 14, 15",0,m2,否,0小时,0天,人工,柱混凝土养护,依赖1个任务,人工,0,0,6
6层 - 预制叠合板安装,结构,板,3,不限,12981.55,2027/03/14,2027/03/15,"标准层施工, 暑期施工","1, 2, 3, 4, 5, 6, 7, 8, 9, 10, 11, 12, 13, 14, 15, 16, 17",785.46,m2,否,1天,1天,人工＋机械,"短肢剪力墙模板拆除, 柱模板拆除",依赖2个任务,人工＋机械,12405.546,576,6
6层 - 钢筋桁架楼承板安装,结构,板,3,木工,1620,2027/03/14,2027/03/15,"标准层施工, 暑期施工","1, 2, 3, 4, 5, 6, 7, 8, 9, 10, 11, 12, 13, 14, 15, 16, 17",785.46,m2,否,1天,1天,人工＋机械,"短肢剪力墙模板拆除, 柱模板拆除",依赖2个任务,人工＋机械,0,1620,6
6层 - 梁板模板拼装,结构,梁,4,木工,56577.68,2027/03/14,2027/03/15,"标准层施工, 暑期施工","1, 2, 3, 4, 5, 6, 7, 8, 9, 10, 11, 12, 13, 14, 15, 16, 17",898.8,m2,否,1天2小时,2天,"木模板, 铝模板, 塑料模板, 大模板","短肢剪力墙模板拆除, 柱模板拆除",依赖2个任务,木模板,54057.6773,2520,6
6层 - 楼梯模板拼装,结构,板,4,木工,4444.49,2027/03/14,2027/03/14,"标准层施工, 暑期施工","1, 2, 3, 4, 5, 6, 7, 8, 9, 10, 11, 12, 13, 14, 15, 16, 17",25.25,m2,否,6小时,1天,"木模板, 铝模板, 塑料模板","短肢剪力墙模板拆除, 柱模板拆除",依赖2个任务,木模板,3364.4868,1080,6
6层 - 梁板模板验收,,梁,,,0,2027/03/15,2027/03/15,"标准层施工, 暑期施工","1, 2, 3, 4, 5, 6, 7, 8, 9, 10, 11, 12, 13, 14, 15, 16, 17, 18, 19, 20",,,否,4小时,1天,人工,"预制叠合板安装, 钢筋桁架楼承板安装, 梁板模板拼装",依赖3个任务,人工,0,0,6
6层 - 楼梯模板验收,,板,,,0,2027/03/15,2027/03/15,"标准层施工, 暑期施工","1, 2, 3, 4, 5, 6, 7, 8, 9, 10, 11, 12, 13, 14, 15, 16, 17, 18, 19, 20, 21",,,否,4小时,1天,人工,"预制叠合板安装, 钢筋桁架楼承板安装, 梁板模板拼装, 楼梯模板拼装",依赖4个任务,人工,0,0,6
6层 - 梁板底排钢筋绑扎,结构,梁,6,钢筋工,1890,2027/03/15,2027/03/16,"标准层施工, 暑期施工","1, 2, 3, 4, 5, 6, 7, 8, 9, 10, 11, 12, 13, 14, 15, 16, 17, 18, 19, 20, 22",8.82,吨,否,9小时,1天,人工,梁板模板验收,依赖1个任务,人工,0,1890,6
6层 - 水电管线预留预埋,给排水,其他,1,水电工,240,2027/03/16,2027/03/16,"标准层施工, 暑期施工","1, 2, 3, 4, 5, 6, 7, 8, 9, 10, 11, 12, 13, 14, 15, 16, 17, 18, 19, 20, 22, 24",785.46,m2,否,6小时,1天,人工,梁板底排钢筋绑扎,依赖1个任务,人工,0,240,6
6层 - 楼板上排钢筋绑扎,结构,板,6,钢筋工,1890,2027/03/16,2027/03/16,"标准层施工, 暑期施工","1, 2, 3, 4, 5, 6, 7, 8, 9, 10, 11, 12, 13, 14, 15, 16, 17, 18, 19, 20, 22, 24",8.82,吨,否,9小时,1天,人工,梁板底排钢筋绑扎,依赖1个任务,人工,0,1890,6
6层 - 梁板钢筋验收,,梁,,,0,2027/03/16,2027/03/16,"标准层施工, 暑期施工","1, 2, 3, 4, 5, 6, 7, 8, 9, 10, 11, 12, 13, 14, 15, 16, 17, 18, 19, 20, 22, 24, 26",,,否,4小时,1天,人工,楼板上排钢筋绑扎,依赖1个任务,人工,0,0,6
6层 - 水电验收,,其他,,,0,2027/03/16,2027/03/16,"标准层施工, 暑期施工","1, 2, 3, 4, 5, 6, 7, 8, 9, 10, 11, 12, 13, 14, 15, 16, 17, 18, 19, 20, 22, 24, 25",,,否,4小时,1天,人工,水电管线预留预埋,依赖1个任务,人工,0,0,6
6层 - 梁板混凝土浇筑,结构,梁,8,混凝土工,68563.1,2027/03/16,2027/03/16,"标准层施工, 暑期施工","1, 2, 3, 4, 5, 6, 7, 8, 9, 10, 11, 12, 13, 14, 15, 16, 17, 18, 19, 20, 22, 24, 26, 28",129.06,m3,否,7小时,1天,"木模板, 铝模板, 塑料模板, 大模板","楼板上排钢筋绑扎, 水电验收",依赖2个任务,木模板,67107.0961,1456,6
6层 - 梁板混凝土养护,结构,梁,2,不限,2688,2027/03/16,2027/03/21,"标准层施工, 暑期施工","1, 2, 3, 4, 5, 6, 7, 8, 9, 10, 11, 12, 13, 14, 15, 16, 17, 18, 19, 20, 22, 24, 26, 28, 29",,,否,7天,7天,人工,梁板混凝土浇筑,依赖1个任务,人工,0,2688,6
6层 - 梁板混凝土拆模,结构,梁,4,木工,1800,2027/03/21,2027/03/21,"标准层施工, 暑期施工","1, 2, 3, 4, 5, 6, 7, 8, 9, 10, 11, 12, 13, 14, 15, 16, 17, 18, 19, 20, 22, 24, 26, 28, 30, 30",129.06,m3,否,10小时,1天,人工,梁板混凝土养护,依赖1个任务,人工,0,1800,6
6层 - 隔墙测量放线,建筑,其他,2,测量员,80,2027/03/14,2027/03/14,"标准层施工, 暑期施工","1, 2, 3, 4, 5, 6, 7, 8, 9, 10, 11, 12, 13, 14, 15, 16, 17",785.46,m2,否,2小时,1天,人工,"短肢剪力墙模板拆除, 柱模板拆除",依赖2个任务,人工,0,80,6
6层 - 隔墙墙体砌筑及墙板安装,建筑,板,2,砌筑工,74633.3,2027/03/14,2027/03/18,"标准层施工, 暑期施工","1, 2, 3, 4, 5, 6, 7, 8, 9, 10, 11, 12, 13, 14, 15, 16, 17, 32",60.25,m3,否,6天3小时,7天,"蒸压加气块, 混凝土标准砖, 粘土标准砖, ALC板, 石膏板, 轻质隔墙板",隔墙测量放线,依赖1个任务,蒸压加气块,69833.296,4800,6
6层 - 水电管线预留预埋,给排水,其他,1,水电工,240,2027/03/18,2027/03/19,"标准层施工, 暑期施工","1, 2, 3, 4, 5, 6, 7, 8, 9, 10, 11, 12, 13, 14, 15, 16, 17, 32, 33",785.46,m2,否,6小时,1天,人工,隔墙墙体砌筑及墙板安装,依赖1个任务,人工,0,240,6
6层 - 隔墙墙体砌筑验收,,其他,,,0,2027/03/19,2027/03/19,"标准层施工, 暑期施工","1, 2, 3, 4, 5, 6, 7, 8, 9, 10, 11, 12, 13, 14, 15, 16, 17, 32, 33, 34",,,否,2小时,1天,人工,水电管线预留预埋,依赖1个任务,人工,0,0,6
6层 - 水电验收,,其他,,,0,2027/03/19,2027/03/19,"标准层施工, 暑期施工","1, 2, 3, 4, 5, 6, 7, 8, 9, 10, 11, 12, 13, 14, 15, 16, 17, 32, 33, 35",,,否,2小时,1天,人工,隔墙墙体砌筑验收,依赖1个任务,人工,0,0,6
6层 - 窗框安装,建筑,其他,2,不限,176700.34,2027/03/19,2027/03/19,"标准层施工, 暑期施工","1, 2, 3, 4, 5, 6, 7, 8, 9, 10, 11, 12, 13, 14, 15, 16, 17, 32, 33, 35",190.59,m2,否,4小时,1天,人工,隔墙墙体砌筑验收,依赖1个任务,人工,176572.3413,128,6
6层 - 窗框验收,,其他,,,0,2027/03/19,2027/03/19,"标准层施工, 暑期施工","1, 2, 3, 4, 5, 6, 7, 8, 9, 10, 11, 12, 13, 14, 15, 16, 17, 32, 33, 37",,,否,4小时,1天,人工,窗框安装,依赖1个任务,人工,0,0,6
6层 - 外墙面保温施工,建筑,其他,6,抹灰工,65627.77,2027/03/19,2027/03/29,"标准层施工, 暑期施工","1, 2, 3, 4, 5, 6, 7, 8, 9, 10, 11, 12, 13, 14, 15, 16, 17, 32, 33, 37, 38",340.3,m2,否,16天6小时,17天,人工,窗框验收,依赖1个任务,人工,27611.7719,38016,6
6层 - 外墙面腻子一道,建筑,其他,6,抹灰工,24384,2027/03/29,2027/04/05,"标准层施工, 暑期施工","1, 2, 3, 4, 5, 6, 7, 8, 9, 10, 11, 12, 13, 14, 15, 16, 17, 32, 33, 37, 38, 39",340.3,m2,否,10天7小时,11天,人工,外墙面保温施工,依赖1个任务,人工,0,24384,6
6层 - 外墙面腻子二道,建筑,其他,6,抹灰工,22464,2027/04/05,2027/04/11,"标准层施工, 暑期施工","1, 2, 3, 4, 5, 6, 7, 8, 9, 10, 11, 12, 13, 14, 15, 16, 17, 32, 33, 37, 38, 39, 40",340.3,m2,否,9天9小时,10天,人工,外墙面腻子一道,依赖1个任务,人工,0,22464,6
6层 - 外墙涂料面层,建筑,其他,6,抹灰工,32064,2027/04/11,2027/04/20,"标准层施工, 暑期施工","1, 2, 3, 4, 5, 6, 7, 8, 9, 10, 11, 12, 13, 14, 15, 16, 17, 32, 33, 37, 38, 39, 40, 41",340.3,m2,否,13天11小时,14天,人工,外墙面腻子二道,依赖1个任务,人工,0,32064,6
6层 - 内墙面保温,建筑,其他,6,抹灰工,30070.77,2027/03/19,2027/03/20,"标准层施工, 暑期施工","1, 2, 3, 4, 5, 6, 7, 8, 9, 10, 11, 12, 13, 14, 15, 16, 17, 32, 33, 37, 38",1455.27,m2,否,2天4小时,3天,人工,窗框验收,依赖1个任务,人工,24694.7677,5376,6
6层 - 内墙面抹灰,建筑,其他,6,抹灰工,5376,2027/03/20,2027/03/22,"标准层施工, 暑期施工","1, 2, 3, 4, 5, 6, 7, 8, 9, 10, 11, 12, 13, 14, 15, 16, 17, 32, 33, 37, 38, 43",1455.27,m2,否,2天4小时,3天,人工,内墙面保温,依赖1个任务,人工,0,5376,6
6层 - 外墙面验收,,其他,,,0,2027/04/20,2027/04/20,"标准层施工, 暑期施工","1, 2, 3, 4, 5, 6, 7, 8, 9, 10, 11, 12, 13, 14, 15, 16, 17, 32, 33, 37, 38, 39, 40, 41, 42",,,否,4小时,1天,人工,外墙涂料面层,依赖1个任务,人工,0,0,6
6层 - 内墙面验收,,其他,,,0,2027/03/22,2027/03/22,"标准层施工, 暑期施工","1, 2, 3, 4, 5, 6, 7, 8, 9, 10, 11, 12, 13, 14, 15, 16, 17, 32, 33, 37, 38, 43, 44",,,否,4小时,1天,人工,内墙面抹灰,依赖1个任务,人工,0,0,6
6层 - 有水房间防水施工,建筑,其他,2,防水工,4800,2027/03/22,2027/03/28,"标准层施工, 暑期施工","1, 2, 3, 4, 5, 6, 7, 8, 9, 10, 11, 12, 13, 14, 15, 16, 17, 32, 33, 37, 38, 43, 44, 46",,,否,10天,10天,人工,内墙面验收,依赖1个任务,人工,0,4800,6
6层 - 防水保护层施工,建筑,其他,2,防水工,5760,2027/03/28,2027/04/05,"标准层施工, 暑期施工","1, 2, 3, 4, 5, 6, 7, 8, 9, 10, 11, 12, 13, 14, 15, 16, 17, 32, 33, 37, 38, 43, 44, 46, 47",,,否,12天,12天,人工,有水房间防水施工,依赖1个任务,人工,0,5760,6
6层 - 防水保护层养护,建筑,其他,2,防水工,6720,2027/04/05,2027/04/13,"标准层施工, 暑期施工","1, 2, 3, 4, 5, 6, 7, 8, 9, 10, 11, 12, 13, 14, 15, 16, 17, 32, 33, 37, 38, 43, 44, 46, 47, 48",,,否,14天,14天,人工,防水保护层施工,依赖1个任务,人工,0,6720,6
6层 - 水立管安装与调试,给排水,其他,4,水电工,640,2027/04/14,2027/04/14,"标准层施工, 暑期施工","1, 2, 3, 4, 5, 6, 7, 8, 9, 10, 11, 12, 13, 14, 15, 16, 17, 32, 33, 37, 38, 43, 44, 46, 47, 48, 49",785.46,m2,否,4小时,1天,人工,防水保护层养护,依赖1个任务,人工,0,640,6
6层 - 水干管安装与调试,给排水,其他,4,水电工,1280,2027/04/14,2027/04/14,"标准层施工, 暑期施工","1, 2, 3, 4, 5, 6, 7, 8, 9, 10, 11, 12, 13, 14, 15, 16, 17, 32, 33, 37, 38, 43, 44, 46, 47, 48, 49, 50",785.46,m2,否,8小时,1天,人工,水立管安装与调试,依赖1个任务,人工,0,1280,6
6层 - 水支管安装与调试,给排水,其他,4,水电工,1280,2027/04/14,2027/04/15,"标准层施工, 暑期施工","1, 2, 3, 4, 5, 6, 7, 8, 9, 10, 11, 12, 13, 14, 15, 16, 17, 32, 33, 37, 38, 43, 44, 46, 47, 48, 49, 50, 51",785.46,m2,否,8小时,1天,人工,水干管安装与调试,依赖1个任务,人工,0,1280,6
6层 - 地盘管安装与调试,暖,其他,6,水电工,28320,2027/04/14,2027/04/20,"标准层施工, 暑期施工","1, 2, 3, 4, 5, 6, 7, 8, 9, 10, 11, 12, 13, 14, 15, 16, 17, 32, 33, 37, 38, 43, 44, 46, 47, 48, 49",785.46,m2,否,9天10小时,10天,人工,防水保护层养护,依赖1个任务,人工,0,28320,6
6层 - 水管盘管验收,,其他,,,0,2027/04/20,2027/04/20,"标准层施工, 暑期施工","1, 2, 3, 4, 5, 6, 7, 8, 9, 10, 11, 12, 13, 14, 15, 16, 17, 32, 33, 37, 38, 43, 44, 46, 47, 48, 49, 50, 51, 52, 53",,,否,4小时,1天,人工,"水支管安装与调试, 地盘管安装与调试",依赖2个任务,人工,0,0,6
6层 - 门框安装,建筑,其他,3,不限,480,2027/04/20,2027/04/20,"标准层施工, 暑期施工","1, 2, 3, 4, 5, 6, 7, 8, 9, 10, 11, 12, 13, 14, 15, 16, 17, 32, 33, 37, 38, 43, 44, 46, 47, 48, 49, 50, 51, 52, 53, 54",166.34,m2,否,10小时,1天,人工,水管盘管验收,依赖1个任务,人工,0,480,6
6层 - 门框验收,,其他,,,0,2027/04/21,2027/04/21,"标准层施工, 暑期施工","1, 2, 3, 4, 5, 6, 7, 8, 9, 10, 11, 12, 13, 14, 15, 16, 17, 32, 33, 37, 38, 43, 44, 46, 47, 48, 49, 50, 51, 52, 53, 54, 55",,,否,4小时,1天,人工,门框安装,依赖1个任务,人工,0,0,6
6层 - 楼面基层施工,建筑,其他,2,抹灰工,3072,2027/04/21,2027/04/23,"标准层施工, 暑期施工","1, 2, 3, 4, 5, 6, 7, 8, 9, 10, 11, 12, 13, 14, 15, 16, 17, 32, 33, 37, 38, 43, 44, 46, 47, 48, 49, 50, 51, 52, 53, 54, 55, 56",785.46,m2,否,4天,4天,人工,门框验收,依赖1个任务,人工,0,3072,6
6层 - 穿带线安装,电,其他,2,水电工,8640,2027/04/23,2027/04/29,"标准层施工, 暑期施工","1, 2, 3, 4, 5, 6, 7, 8, 9, 10, 11, 12, 13, 14, 15, 16, 17, 32, 33, 37, 38, 43, 44, 46, 47, 48, 49, 50, 51, 52, 53, 54, 55, 56, 57",785.46,m2,否,9天,9天,人工,楼面基层施工,依赖1个任务,人工,0,8640,6
6层 - 电箱安装,电,其他,2,水电工,8640,2027/04/29,2027/05/05,"标准层施工, 暑期施工","1, 2, 3, 4, 5, 6, 7, 8, 9, 10, 11, 12, 13, 14, 15, 16, 17, 32, 33, 37, 38, 43, 44, 46, 47, 48, 49, 50, 51, 52, 53, 54, 55, 56, 57, 58",785.46,m2,否,9天,9天,人工,穿带线安装,依赖1个任务,人工,0,8640,6
6层 - 电盒安装,电,其他,2,水电工,8640,2027/05/05,2027/05/10,"标准层施工, 暑期施工","1, 2, 3, 4, 5, 6, 7, 8, 9, 10, 11, 12, 13, 14, 15, 16, 17, 32, 33, 37, 38, 43, 44, 46, 47, 48, 49, 50, 51, 52, 53, 54, 55, 56, 57, 58, 59",785.46,m2,否,9天,9天,人工,电箱安装,依赖1个任务,人工,0,8640,6
6层 - 穿带线、电箱、电盒验收,电,其他,,,0,2027/05/10,2027/05/10,"标准层施工, 暑期施工","1, 2, 3, 4, 5, 6, 7, 8, 9, 10, 11, 12, 13, 14, 15, 16, 17, 32, 33, 37, 38, 43, 44, 46, 47, 48, 49, 50, 51, 52, 53, 54, 55, 56, 57, 58, 59, 60",,,否,4小时,1天,人工,电盒安装,依赖1个任务,人工,0,0,6
6层 - 门窗扇五金安装,建筑,其他,2,不限,2240,2027/05/10,2027/05/14,"标准层施工, 暑期施工","1, 2, 3, 4, 5, 6, 7, 8, 9, 10, 11, 12, 13, 14, 15, 16, 17, 32, 33, 37, 38, 43, 44, 46, 47, 48, 49, 50, 51, 52, 53, 54, 55, 56, 57, 58, 59, 60",356.93,m2,否,5天10小时,6天,人工,电盒安装,依赖1个任务,人工,0,2240,6
6层 - 顶棚腻子,建筑,其他,3,抹灰工,3456,2027/05/10,2027/05/12,"标准层施工, 暑期施工","1, 2, 3, 4, 5, 6, 7, 8, 9, 10, 11, 12, 13, 14, 15, 16, 17, 32, 33, 37, 38, 43, 44, 46, 47, 48, 49, 50, 51, 52, 53, 54, 55, 56, 57, 58, 59, 61",785.46,m2,否,3天,3天,人工,穿带线、电箱、电盒验收,依赖1个任务,人工,0,3456,6
6层 - 墙面石膏、腻子,建筑,其他,5,抹灰工,11040,2027/05/12,2027/05/16,"标准层施工, 暑期施工","1, 2, 3, 4, 5, 6, 7, 8, 9, 10, 11, 12, 13, 14, 15, 16, 17, 32, 33, 37, 38, 43, 44, 46, 47, 48, 49, 50, 51, 52, 53, 54, 55, 56, 57, 58, 59, 60, 63",1455.27,m2,否,5天9小时,6天,人工,顶棚腻子,依赖1个任务,人工,0,11040,6
6层 - 电线、电缆安装,电,其他,2,抹灰工,9216,2027/05/16,2027/05/23,"标准层施工, 暑期施工","1, 2, 3, 4, 5, 6, 7, 8, 9, 10, 11, 12, 13, 14, 15, 16, 17, 32, 33, 37, 38, 43, 44, 46, 47, 48, 49, 50, 51, 52, 53, 54, 55, 56, 57, 58, 59, 60, 63, 64",785.46,m2,否,12天,12天,人工,墙面石膏、腻子,依赖1个任务,人工,0,9216,6
6层 - 楼面面层抹灰,建筑,其他,3,水电工,2880,2027/05/23,2027/05/25,"标准层施工, 暑期施工","1, 2, 3, 4, 5, 6, 7, 8, 9, 10, 11, 12, 13, 14, 15, 16, 17, 32, 33, 37, 38, 43, 44, 46, 47, 48, 49, 50, 51, 52, 53, 54, 55, 56, 57, 58, 59, 60, 63, 64, 65",785.46,m2,否,2天,2天,人工,电线、电缆安装,依赖1个任务,人工,0,2880,6
6层 - 面砖铺贴,建筑,其他,5,砌筑工,3840,2027/05/25,2027/05/26,"标准层施工, 暑期施工","1, 2, 3, 4, 5, 6, 7, 8, 9, 10, 11, 12, 13, 14, 15, 16, 17, 32, 33, 37, 38, 43, 44, 46, 47, 48, 49, 50, 51, 52, 53, 54, 55, 56, 57, 58, 59, 60, 63, 64, 65, 66",785.46,m2,否,2天,2天,人工,楼面面层抹灰,依赖1个任务,人工,0,3840,6
6层 - 开关面板安装,电,板,2,水电工,7680,2027/05/26,2027/05/31,"标准层施工, 暑期施工","1, 2, 3, 4, 5, 6, 7, 8, 9, 10, 11, 12, 13, 14, 15, 16, 17, 32, 33, 37, 38, 43, 44, 46, 47, 48, 49, 50, 51, 52, 53, 54, 55, 56, 57, 58, 59, 60, 63, 64, 65, 66, 67",,,否,8天,8天,人工,面砖铺贴,依赖1个任务,人工,0,7680,6
6层 - 顶棚壁纸施工,建筑,其他,2,抹灰工,1536,2027/05/31,2027/06/01,"标准层施工, 暑期施工","1, 2, 3, 4, 5, 6, 7, 8, 9, 10, 11, 12, 13, 14, 15, 16, 17, 32, 33, 37, 38, 43, 44, 46, 47, 48, 49, 50, 51, 52, 53, 54, 55, 56, 57, 58, 59, 60, 63, 64, 65, 66, 67, 68",785.46,m2,否,2天,2天,人工,开关面板安装,依赖1个任务,人工,0,1536,6
6层 - 内墙面涂料、壁纸施工,建筑,其他,4,抹灰工,8832,2027/06/01,2027/06/05,"标准层施工, 暑期施工","1, 2, 3, 4, 5, 6, 7, 8, 9, 10, 11, 12, 13, 14, 15, 16, 17, 32, 33, 37, 38, 43, 44, 46, 47, 48, 49, 50, 51, 52, 53, 54, 55, 56, 57, 58, 59, 60, 63, 64, 65, 66, 67, 68, 69",1455.27,m2,否,5天9小时,6天,人工,顶棚壁纸施工,依赖1个任务,人工,0,8832,6
6层 - 灯具安装,电,其他,2,水电工,960,2027/06/05,2027/06/05,"标准层施工, 暑期施工","1, 2, 3, 4, 5, 6, 7, 8, 9, 10, 11, 12, 13, 14, 15, 16, 17, 32, 33, 37, 38, 43, 44, 46, 47, 48, 49, 50, 51, 52, 53, 54, 55, 56, 57, 58, 59, 60, 63, 64, 65, 66, 67, 68, 69, 70",,,否,1天,1天,人工,内墙面涂料、壁纸施工,依赖1个任务,人工,0,960,6
6层 - 洁具安装,给排水,其他,2,水电工,960,2027/06/05,2027/06/05,"标准层施工, 暑期施工","1, 2, 3, 4, 5, 6, 7, 8, 9, 10, 11, 12, 13, 14, 15, 16, 17, 32, 33, 37, 38, 43, 44, 46, 47, 48, 49, 50, 51, 52, 53, 54, 55, 56, 57, 58, 59, 60, 63, 64, 65, 66, 67, 68, 69, 70",,,否,1天,1天,人工,内墙面涂料、壁纸施工,依赖1个任务,人工,0,960,6
6层 - 公共部位楼梯栏杆安装,建筑,其他,2,不限,384,2027/06/05,2027/06/05,"标准层施工, 暑期施工","1, 2, 3, 4, 5, 6, 7, 8, 9, 10, 11, 12, 13, 14, 15, 16, 17, 32, 33, 37, 38, 43, 44, 46, 47, 48, 49, 50, 51, 52, 53, 54, 55, 56, 57, 58, 59, 60, 63, 64, 65, 66, 67, 68, 69, 70",,,否,1天,1天,人工,内墙面涂料、壁纸施工,依赖1个任务,人工,0,384,6
6层 - 消防系统安装,,其他,,,0,2027/06/05,2027/06/20,"标准层施工, 暑期施工","1, 2, 3, 4, 5, 6, 7, 8, 9, 10, 11, 12, 13, 14, 15, 16, 17, 32, 33, 37, 38, 43, 44, 46, 47, 48, 49, 50, 51, 52, 53, 54, 55, 56, 57, 58, 59, 60, 63, 64, 65, 66, 67, 68, 69, 70",785.46,m2,否,25天,25天,人工,内墙面涂料、壁纸施工,依赖1个任务,人工,0,0,6
6层 - 弱电及智能系统安装,,其他,,,0,2027/06/05,2027/06/17,"标准层施工, 暑期施工","1, 2, 3, 4, 5, 6, 7, 8, 9, 10, 11, 12, 13, 14, 15, 16, 17, 32, 33, 37, 38, 43, 44, 46, 47, 48, 49, 50, 51, 52, 53, 54, 55, 56, 57, 58, 59, 60, 63, 64, 65, 66, 67, 68, 69, 70",785.46,m2,否,20天,20天,人工,内墙面涂料、壁纸施工,依赖1个任务,人工,0,0,6
7层 - 柱、墙、梁、板钢筋制作,,柱,3,钢筋工,118729,2027/06/20,2027/06/22,"标准层施工, 暑期施工",,25.61,吨,否,2天9小时,3天,人工制作,无,,人工制作,115264,3465,7
7层 - 柱测量放线,结构,柱,2,测量员,80,2027/06/20,2027/06/20,"标准层施工, 暑期施工",,785.46,m2,否,2小时,1天,水准仪,无,,水准仪,0,80,7
7层 - 剪力墙放线,结构,剪力墙,2,测量员,80,2027/06/20,2027/06/20,"标准层施工, 暑期施工",,785.46,m2,否,2小时,1天,水准仪,无,,水准仪,0,80,7
7层 - 柱钢筋绑扎,结构,柱,8,钢筋工,0,2027/06/22,2027/06/22,"标准层施工, 暑期施工","1, 2",0,吨,否,0小时,0天,人工,"柱、墙、梁、板钢筋制作, 柱测量放线",依赖2个任务,人工,0,0,7
7层 - 短肢剪力墙钢筋绑扎,结构,剪力墙,8,钢筋工,3360,2027/06/22,2027/06/23,"标准层施工, 暑期施工","1, 3",8.28,吨,否,1天,1天,人工,"柱、墙、梁、板钢筋制作, 剪力墙放线",依赖2个任务,人工,0,3360,7
7层 - 柱钢筋验收,,柱,,,0,2027/06/22,2027/06/22,"标准层施工, 暑期施工","1, 2, 4",,,否,4小时,1天,人工,柱钢筋绑扎,依赖1个任务,人工,0,0,7
7层 - 剪力墙钢筋验收,,剪力墙,,,0,2027/06/23,2027/06/23,"标准层施工, 暑期施工","1, 2, 5",,,否,4小时,1天,人工,"柱测量放线, 短肢剪力墙钢筋绑扎",依赖2个任务,人工,0,0,7
7层 - 柱模板拼装,结构,柱,4,木工,0,2027/06/22,2027/06/22,"标准层施工, 暑期施工","1, 2, 4, 6",0,m2,否,0小时,0天,"木模板, 铝模板, 塑料模板, 大模板",柱钢筋验收,依赖1个任务,木模板,0,0,7
7层 - 剪力墙模板拼装,结构,剪力墙,4,木工,14994,2027/06/23,2027/06/24,"标准层施工, 暑期施工","1, 3, 5, 7",951.66,m2,否,1天8小时,2天,"木模板, 铝模板, 塑料模板, 大模板",剪力墙钢筋验收,依赖1个任务,木模板,11394,3600,7
7层 - 墙模板验收,,板,,,0,2027/06/24,2027/06/24,"标准层施工, 暑期施工","1, 3, 5, 7, 9",,,否,4小时,1天,人工,剪力墙模板拼装,依赖1个任务,人工,0,0,7
7层 - 柱模板验收,,柱,,,0,2027/06/22,2027/06/22,"标准层施工, 暑期施工","1, 2, 4, 6, 8",,,否,4小时,1天,人工,柱模板拼装,依赖1个任务,人工,0,0,7
7层 - 短肢剪力墙混凝土浇筑,结构,剪力墙,8,混凝土工,38430.73,2027/06/27,2027/06/27,"标准层施工, 暑期施工","1, 3, 5, 7, 9, 10",92.62,m3,否,5小时,1天,"固定泵1个, 固定泵2个, 移动泵1个, 移动泵2个",墙模板验收,依赖1个任务,固定泵1个,37390.7342,1040,7
7层 - 短肢剪力墙混凝土养护,结构,剪力墙,2,不限,2688,2027/06/27,2027/07/01,"标准层施工, 暑期施工","1, 3, 5, 7, 9, 10, 12",,,否,7天,7天,人工,短肢剪力墙混凝土浇筑,依赖1个任务,人工,0,2688,7
7层 - 柱混凝土浇筑,结构,柱,4,混凝土工,0,2027/06/27,2027/06/26,"标准层施工, 暑期施工","1, 2, 4, 6, 8, 11",0,m3,否,0小时,0天,"固定泵1个, 固定泵2个, 移动泵1个, 移动泵2个",柱模板验收,依赖1个任务,固定泵1个,0,0,7
7层 - 柱混凝土养护,结构,柱,2,不限,2688,2027/06/27,2027/07/01,"标准层施工, 暑期施工","1, 2, 4, 6, 8, 11, 14",,,否,7天,7天,人工,柱混凝土浇筑,依赖1个任务,人工,0,2688,7
7层 - 短肢剪力墙模板拆除,结构,剪力墙,4,木工,1800,2027/07/01,2027/07/02,"标准层施工, 暑期施工","1, 3, 5, 7, 9, 10, 12, 13",951.66,m2,否,10小时,1天,人工,短肢剪力墙混凝土养护,依赖1个任务,人工,0,1800,7
7层 - 柱模板拆除,结构,柱,4,木工,0,2027/07/01,2027/07/01,"标准层施工, 暑期施工","1, 2, 4, 6, 8, 11, 14, 15",0,m2,否,0小时,0天,人工,柱混凝土养护,依赖1个任务,人工,0,0,7
7层 - 预制叠合板安装,结构,板,3,不限,12981.55,2027/07/02,2027/07/02,"标准层施工, 暑期施工","1, 2, 3, 4, 5, 6, 7, 8, 9, 10, 11, 12, 13, 14, 15, 16, 17",785.46,m2,否,1天,1天,人工＋机械,"短肢剪力墙模板拆除, 柱模板拆除",依赖2个任务,人工＋机械,12405.546,576,7
7层 - 钢筋桁架楼承板安装,结构,板,3,木工,1620,2027/07/02,2027/07/02,"标准层施工, 暑期施工","1, 2, 3, 4, 5, 6, 7, 8, 9, 10, 11, 12, 13, 14, 15, 16, 17",785.46,m2,否,1天,1天,人工＋机械,"短肢剪力墙模板拆除, 柱模板拆除",依赖2个任务,人工＋机械,0,1620,7
7层 - 梁板模板拼装,结构,梁,4,木工,56577.68,2027/07/02,2027/07/02,"标准层施工, 暑期施工","1, 2, 3, 4, 5, 6, 7, 8, 9, 10, 11, 12, 13, 14, 15, 16, 17",898.8,m2,否,1天2小时,2天,"木模板, 铝模板, 塑料模板, 大模板","短肢剪力墙模板拆除, 柱模板拆除",依赖2个任务,木模板,54057.6773,2520,7
7层 - 楼梯模板拼装,结构,板,4,木工,4444.49,2027/07/02,2027/07/02,"标准层施工, 暑期施工","1, 2, 3, 4, 5, 6, 7, 8, 9, 10, 11, 12, 13, 14, 15, 16, 17",25.25,m2,否,6小时,1天,"木模板, 铝模板, 塑料模板","短肢剪力墙模板拆除, 柱模板拆除",依赖2个任务,木模板,3364.4868,1080,7
7层 - 梁板模板验收,,梁,,,0,2027/07/02,2027/07/03,"标准层施工, 暑期施工","1, 2, 3, 4, 5, 6, 7, 8, 9, 10, 11, 12, 13, 14, 15, 16, 17, 18, 19, 20",,,否,4小时,1天,人工,"预制叠合板安装, 钢筋桁架楼承板安装, 梁板模板拼装",依赖3个任务,人工,0,0,7
7层 - 楼梯模板验收,,板,,,0,2027/07/02,2027/07/03,"标准层施工, 暑期施工","1, 2, 3, 4, 5, 6, 7, 8, 9, 10, 11, 12, 13, 14, 15, 16, 17, 18, 19, 20, 21",,,否,4小时,1天,人工,"预制叠合板安装, 钢筋桁架楼承板安装, 梁板模板拼装, 楼梯模板拼装",依赖4个任务,人工,0,0,7
7层 - 梁板底排钢筋绑扎,结构,梁,6,钢筋工,1890,2027/07/03,2027/07/03,"标准层施工, 暑期施工","1, 2, 3, 4, 5, 6, 7, 8, 9, 10, 11, 12, 13, 14, 15, 16, 17, 18, 19, 20, 22",8.82,吨,否,9小时,1天,人工,梁板模板验收,依赖1个任务,人工,0,1890,7
7层 - 水电管线预留预埋,给排水,其他,1,水电工,240,2027/07/03,2027/07/03,"标准层施工, 暑期施工","1, 2, 3, 4, 5, 6, 7, 8, 9, 10, 11, 12, 13, 14, 15, 16, 17, 18, 19, 20, 22, 24",785.46,m2,否,6小时,1天,人工,梁板底排钢筋绑扎,依赖1个任务,人工,0,240,7
7层 - 楼板上排钢筋绑扎,结构,板,6,钢筋工,1890,2027/07/03,2027/07/04,"标准层施工, 暑期施工","1, 2, 3, 4, 5, 6, 7, 8, 9, 10, 11, 12, 13, 14, 15, 16, 17, 18, 19, 20, 22, 24",8.82,吨,否,9小时,1天,人工,梁板底排钢筋绑扎,依赖1个任务,人工,0,1890,7
7层 - 梁板钢筋验收,,梁,,,0,2027/07/04,2027/07/04,"标准层施工, 暑期施工","1, 2, 3, 4, 5, 6, 7, 8, 9, 10, 11, 12, 13, 14, 15, 16, 17, 18, 19, 20, 22, 24, 26",,,否,4小时,1天,人工,楼板上排钢筋绑扎,依赖1个任务,人工,0,0,7
7层 - 水电验收,,其他,,,0,2027/07/04,2027/07/04,"标准层施工, 暑期施工","1, 2, 3, 4, 5, 6, 7, 8, 9, 10, 11, 12, 13, 14, 15, 16, 17, 18, 19, 20, 22, 24, 25",,,否,4小时,1天,人工,水电管线预留预埋,依赖1个任务,人工,0,0,7
7层 - 梁板混凝土浇筑,结构,梁,8,混凝土工,68563.1,2027/07/04,2027/07/04,"标准层施工, 暑期施工","1, 2, 3, 4, 5, 6, 7, 8, 9, 10, 11, 12, 13, 14, 15, 16, 17, 18, 19, 20, 22, 24, 26, 28",129.06,m3,否,7小时,1天,"木模板, 铝模板, 塑料模板, 大模板","楼板上排钢筋绑扎, 水电验收",依赖2个任务,木模板,67107.0961,1456,7
7层 - 梁板混凝土养护,结构,梁,2,不限,2688,2027/07/04,2027/07/08,"标准层施工, 暑期施工","1, 2, 3, 4, 5, 6, 7, 8, 9, 10, 11, 12, 13, 14, 15, 16, 17, 18, 19, 20, 22, 24, 26, 28, 29",,,否,7天,7天,人工,梁板混凝土浇筑,依赖1个任务,人工,0,2688,7
7层 - 梁板混凝土拆模,结构,梁,4,木工,1800,2027/07/08,2027/07/09,"标准层施工, 暑期施工","1, 2, 3, 4, 5, 6, 7, 8, 9, 10, 11, 12, 13, 14, 15, 16, 17, 18, 19, 20, 22, 24, 26, 28, 30, 30",129.06,m3,否,10小时,1天,人工,梁板混凝土养护,依赖1个任务,人工,0,1800,7
7层 - 隔墙测量放线,建筑,其他,2,测量员,80,2027/07/02,2027/07/02,"标准层施工, 暑期施工","1, 2, 3, 4, 5, 6, 7, 8, 9, 10, 11, 12, 13, 14, 15, 16, 17",785.46,m2,否,2小时,1天,人工,"短肢剪力墙模板拆除, 柱模板拆除",依赖2个任务,人工,0,80,7
7层 - 隔墙墙体砌筑及墙板安装,建筑,板,2,砌筑工,74633.3,2027/07/02,2027/07/06,"标准层施工, 暑期施工","1, 2, 3, 4, 5, 6, 7, 8, 9, 10, 11, 12, 13, 14, 15, 16, 17, 32",60.25,m3,否,6天3小时,7天,"蒸压加气块, 混凝土标准砖, 粘土标准砖, ALC板, 石膏板, 轻质隔墙板",隔墙测量放线,依赖1个任务,蒸压加气块,69833.296,4800,7
7层 - 水电管线预留预埋,给排水,其他,1,水电工,240,2027/07/06,2027/07/06,"标准层施工, 暑期施工","1, 2, 3, 4, 5, 6, 7, 8, 9, 10, 11, 12, 13, 14, 15, 16, 17, 32, 33",785.46,m2,否,6小时,1天,人工,隔墙墙体砌筑及墙板安装,依赖1个任务,人工,0,240,7
7层 - 隔墙墙体砌筑验收,,其他,,,0,2027/07/06,2027/07/06,"标准层施工, 暑期施工","1, 2, 3, 4, 5, 6, 7, 8, 9, 10, 11, 12, 13, 14, 15, 16, 17, 32, 33, 34",,,否,2小时,1天,人工,水电管线预留预埋,依赖1个任务,人工,0,0,7
7层 - 水电验收,,其他,,,0,2027/07/06,2027/07/06,"标准层施工, 暑期施工","1, 2, 3, 4, 5, 6, 7, 8, 9, 10, 11, 12, 13, 14, 15, 16, 17, 32, 33, 35",,,否,2小时,1天,人工,隔墙墙体砌筑验收,依赖1个任务,人工,0,0,7
7层 - 窗框安装,建筑,其他,2,不限,176700.34,2027/07/06,2027/07/06,"标准层施工, 暑期施工","1, 2, 3, 4, 5, 6, 7, 8, 9, 10, 11, 12, 13, 14, 15, 16, 17, 32, 33, 35",190.59,m2,否,4小时,1天,人工,隔墙墙体砌筑验收,依赖1个任务,人工,176572.3413,128,7
7层 - 窗框验收,,其他,,,0,2027/07/06,2027/07/06,"标准层施工, 暑期施工","1, 2, 3, 4, 5, 6, 7, 8, 9, 10, 11, 12, 13, 14, 15, 16, 17, 32, 33, 37",,,否,4小时,1天,人工,窗框安装,依赖1个任务,人工,0,0,7
7层 - 外墙面保温施工,建筑,其他,6,抹灰工,65627.77,2027/07/07,2027/07/17,"标准层施工, 暑期施工","1, 2, 3, 4, 5, 6, 7, 8, 9, 10, 11, 12, 13, 14, 15, 16, 17, 32, 33, 37, 38",340.3,m2,否,16天6小时,17天,人工,窗框验收,依赖1个任务,人工,27611.7719,38016,7
7层 - 外墙面腻子一道,建筑,其他,6,抹灰工,24384,2027/07/17,2027/07/24,"标准层施工, 暑期施工","1, 2, 3, 4, 5, 6, 7, 8, 9, 10, 11, 12, 13, 14, 15, 16, 17, 32, 33, 37, 38, 39",340.3,m2,否,10天7小时,11天,人工,外墙面保温施工,依赖1个任务,人工,0,24384,7
7层 - 外墙面腻子二道,建筑,其他,6,抹灰工,22464,2027/07/24,2027/07/30,"标准层施工, 暑期施工","1, 2, 3, 4, 5, 6, 7, 8, 9, 10, 11, 12, 13, 14, 15, 16, 17, 32, 33, 37, 38, 39, 40",340.3,m2,否,9天9小时,10天,人工,外墙面腻子一道,依赖1个任务,人工,0,22464,7
7层 - 外墙涂料面层,建筑,其他,6,抹灰工,32064,2027/07/30,2027/08/07,"标准层施工, 暑期施工","1, 2, 3, 4, 5, 6, 7, 8, 9, 10, 11, 12, 13, 14, 15, 16, 17, 32, 33, 37, 38, 39, 40, 41",340.3,m2,否,13天11小时,14天,人工,外墙面腻子二道,依赖1个任务,人工,0,32064,7
7层 - 内墙面保温,建筑,其他,6,抹灰工,30070.77,2027/07/07,2027/07/08,"标准层施工, 暑期施工","1, 2, 3, 4, 5, 6, 7, 8, 9, 10, 11, 12, 13, 14, 15, 16, 17, 32, 33, 37, 38",1455.27,m2,否,2天4小时,3天,人工,窗框验收,依赖1个任务,人工,24694.7677,5376,7
7层 - 内墙面抹灰,建筑,其他,6,抹灰工,5376,2027/07/08,2027/07/09,"标准层施工, 暑期施工","1, 2, 3, 4, 5, 6, 7, 8, 9, 10, 11, 12, 13, 14, 15, 16, 17, 32, 33, 37, 38, 43",1455.27,m2,否,2天4小时,3天,人工,内墙面保温,依赖1个任务,人工,0,5376,7
7层 - 外墙面验收,,其他,,,0,2027/08/07,2027/08/08,"标准层施工, 暑期施工","1, 2, 3, 4, 5, 6, 7, 8, 9, 10, 11, 12, 13, 14, 15, 16, 17, 32, 33, 37, 38, 39, 40, 41, 42",,,否,4小时,1天,人工,外墙涂料面层,依赖1个任务,人工,0,0,7
7层 - 内墙面验收,,其他,,,0,2027/07/09,2027/07/10,"标准层施工, 暑期施工","1, 2, 3, 4, 5, 6, 7, 8, 9, 10, 11, 12, 13, 14, 15, 16, 17, 32, 33, 37, 38, 43, 44",,,否,4小时,1天,人工,内墙面抹灰,依赖1个任务,人工,0,0,7
7层 - 有水房间防水施工,建筑,其他,2,防水工,4800,2027/07/10,2027/07/16,"标准层施工, 暑期施工","1, 2, 3, 4, 5, 6, 7, 8, 9, 10, 11, 12, 13, 14, 15, 16, 17, 32, 33, 37, 38, 43, 44, 46",,,否,10天,10天,人工,内墙面验收,依赖1个任务,人工,0,4800,7
7层 - 防水保护层施工,建筑,其他,2,防水工,5760,2027/07/16,2027/07/23,"标准层施工, 暑期施工","1, 2, 3, 4, 5, 6, 7, 8, 9, 10, 11, 12, 13, 14, 15, 16, 17, 32, 33, 37, 38, 43, 44, 46, 47",,,否,12天,12天,人工,有水房间防水施工,依赖1个任务,人工,0,5760,7
7层 - 防水保护层养护,建筑,其他,2,防水工,6720,2027/07/24,2027/08/01,"标准层施工, 暑期施工","1, 2, 3, 4, 5, 6, 7, 8, 9, 10, 11, 12, 13, 14, 15, 16, 17, 32, 33, 37, 38, 43, 44, 46, 47, 48",,,否,14天,14天,人工,防水保护层施工,依赖1个任务,人工,0,6720,7
7层 - 水立管安装与调试,给排水,其他,4,水电工,640,2027/08/01,2027/08/01,"标准层施工, 暑期施工","1, 2, 3, 4, 5, 6, 7, 8, 9, 10, 11, 12, 13, 14, 15, 16, 17, 32, 33, 37, 38, 43, 44, 46, 47, 48, 49",785.46,m2,否,4小时,1天,人工,防水保护层养护,依赖1个任务,人工,0,640,7
7层 - 水干管安装与调试,给排水,其他,4,水电工,1280,2027/08/01,2027/08/02,"标准层施工, 暑期施工","1, 2, 3, 4, 5, 6, 7, 8, 9, 10, 11, 12, 13, 14, 15, 16, 17, 32, 33, 37, 38, 43, 44, 46, 47, 48, 49, 50",785.46,m2,否,8小时,1天,人工,水立管安装与调试,依赖1个任务,人工,0,1280,7
7层 - 水支管安装与调试,给排水,其他,4,水电工,1280,2027/08/02,2027/08/02,"标准层施工, 暑期施工","1, 2, 3, 4, 5, 6, 7, 8, 9, 10, 11, 12, 13, 14, 15, 16, 17, 32, 33, 37, 38, 43, 44, 46, 47, 48, 49, 50, 51",785.46,m2,否,8小时,1天,人工,水干管安装与调试,依赖1个任务,人工,0,1280,7
7层 - 地盘管安装与调试,暖,其他,6,水电工,28320,2027/08/01,2027/08/07,"标准层施工, 暑期施工","1, 2, 3, 4, 5, 6, 7, 8, 9, 10, 11, 12, 13, 14, 15, 16, 17, 32, 33, 37, 38, 43, 44, 46, 47, 48, 49",785.46,m2,否,9天10小时,10天,人工,防水保护层养护,依赖1个任务,人工,0,28320,7
7层 - 水管盘管验收,,其他,,,0,2027/08/07,2027/08/08,"标准层施工, 暑期施工","1, 2, 3, 4, 5, 6, 7, 8, 9, 10, 11, 12, 13, 14, 15, 16, 17, 32, 33, 37, 38, 43, 44, 46, 47, 48, 49, 50, 51, 52, 53",,,否,4小时,1天,人工,"水支管安装与调试, 地盘管安装与调试",依赖2个任务,人工,0,0,7
7层 - 门框安装,建筑,其他,3,不限,480,2027/08/08,2027/08/08,"标准层施工, 暑期施工","1, 2, 3, 4, 5, 6, 7, 8, 9, 10, 11, 12, 13, 14, 15, 16, 17, 32, 33, 37, 38, 43, 44, 46, 47, 48, 49, 50, 51, 52, 53, 54",166.34,m2,否,10小时,1天,人工,水管盘管验收,依赖1个任务,人工,0,480,7
7层 - 门框验收,,其他,,,0,2027/08/08,2027/08/08,"标准层施工, 暑期施工","1, 2, 3, 4, 5, 6, 7, 8, 9, 10, 11, 12, 13, 14, 15, 16, 17, 32, 33, 37, 38, 43, 44, 46, 47, 48, 49, 50, 51, 52, 53, 54, 55",,,否,4小时,1天,人工,门框安装,依赖1个任务,人工,0,0,7
7层 - 楼面基层施工,建筑,其他,2,抹灰工,3072,2027/08/08,2027/08/11,"标准层施工, 暑期施工","1, 2, 3, 4, 5, 6, 7, 8, 9, 10, 11, 12, 13, 14, 15, 16, 17, 32, 33, 37, 38, 43, 44, 46, 47, 48, 49, 50, 51, 52, 53, 54, 55, 56",785.46,m2,否,4天,4天,人工,门框验收,依赖1个任务,人工,0,3072,7
7层 - 穿带线安装,电,其他,2,水电工,8640,2027/08/11,2027/08/17,"标准层施工, 暑期施工","1, 2, 3, 4, 5, 6, 7, 8, 9, 10, 11, 12, 13, 14, 15, 16, 17, 32, 33, 37, 38, 43, 44, 46, 47, 48, 49, 50, 51, 52, 53, 54, 55, 56, 57",785.46,m2,否,9天,9天,人工,楼面基层施工,依赖1个任务,人工,0,8640,7
7层 - 电箱安装,电,其他,2,水电工,8640,2027/08/17,2027/08/22,"标准层施工, 暑期施工","1, 2, 3, 4, 5, 6, 7, 8, 9, 10, 11, 12, 13, 14, 15, 16, 17, 32, 33, 37, 38, 43, 44, 46, 47, 48, 49, 50, 51, 52, 53, 54, 55, 56, 57, 58",785.46,m2,否,9天,9天,人工,穿带线安装,依赖1个任务,人工,0,8640,7
7层 - 电盒安装,电,其他,2,水电工,8640,2027/08/22,2027/08/28,"标准层施工, 暑期施工","1, 2, 3, 4, 5, 6, 7, 8, 9, 10, 11, 12, 13, 14, 15, 16, 17, 32, 33, 37, 38, 43, 44, 46, 47, 48, 49, 50, 51, 52, 53, 54, 55, 56, 57, 58, 59",785.46,m2,否,9天,9天,人工,电箱安装,依赖1个任务,人工,0,8640,7
7层 - 穿带线、电箱、电盒验收,电,其他,,,0,2027/08/28,2027/08/28,"标准层施工, 暑期施工","1, 2, 3, 4, 5, 6, 7, 8, 9, 10, 11, 12, 13, 14, 15, 16, 17, 32, 33, 37, 38, 43, 44, 46, 47, 48, 49, 50, 51, 52, 53, 54, 55, 56, 57, 58, 59, 60",,,否,4小时,1天,人工,电盒安装,依赖1个任务,人工,0,0,7
7层 - 门窗扇五金安装,建筑,其他,2,不限,2240,2027/08/28,2027/08/31,"标准层施工, 暑期施工","1, 2, 3, 4, 5, 6, 7, 8, 9, 10, 11, 12, 13, 14, 15, 16, 17, 32, 33, 37, 38, 43, 44, 46, 47, 48, 49, 50, 51, 52, 53, 54, 55, 56, 57, 58, 59, 60",356.93,m2,否,5天10小时,6天,人工,电盒安装,依赖1个任务,人工,0,2240,7
7层 - 顶棚腻子,建筑,其他,3,抹灰工,3456,2027/08/28,2027/08/30,"标准层施工, 暑期施工","1, 2, 3, 4, 5, 6, 7, 8, 9, 10, 11, 12, 13, 14, 15, 16, 17, 32, 33, 37, 38, 43, 44, 46, 47, 48, 49, 50, 51, 52, 53, 54, 55, 56, 57, 58, 59, 61",785.46,m2,否,3天,3天,人工,穿带线、电箱、电盒验收,依赖1个任务,人工,0,3456,7
7层 - 墙面石膏、腻子,建筑,其他,5,抹灰工,11040,2027/08/30,2027/09/02,"标准层施工, 暑期施工","1, 2, 3, 4, 5, 6, 7, 8, 9, 10, 11, 12, 13, 14, 15, 16, 17, 32, 33, 37, 38, 43, 44, 46, 47, 48, 49, 50, 51, 52, 53, 54, 55, 56, 57, 58, 59, 60, 63",1455.27,m2,否,5天9小时,6天,人工,顶棚腻子,依赖1个任务,人工,0,11040,7
7层 - 电线、电缆安装,电,其他,2,抹灰工,9216,2027/09/02,2027/09/10,"标准层施工, 暑期施工","1, 2, 3, 4, 5, 6, 7, 8, 9, 10, 11, 12, 13, 14, 15, 16, 17, 32, 33, 37, 38, 43, 44, 46, 47, 48, 49, 50, 51, 52, 53, 54, 55, 56, 57, 58, 59, 60, 63, 64",785.46,m2,否,12天,12天,人工,墙面石膏、腻子,依赖1个任务,人工,0,9216,7
7层 - 楼面面层抹灰,建筑,其他,3,水电工,2880,2027/09/10,2027/09/11,"标准层施工, 暑期施工","1, 2, 3, 4, 5, 6, 7, 8, 9, 10, 11, 12, 13, 14, 15, 16, 17, 32, 33, 37, 38, 43, 44, 46, 47, 48, 49, 50, 51, 52, 53, 54, 55, 56, 57, 58, 59, 60, 63, 64, 65",785.46,m2,否,2天,2天,人工,电线、电缆安装,依赖1个任务,人工,0,2880,7
7层 - 面砖铺贴,建筑,其他,5,砌筑工,3840,2027/09/11,2027/09/12,"标准层施工, 暑期施工","1, 2, 3, 4, 5, 6, 7, 8, 9, 10, 11, 12, 13, 14, 15, 16, 17, 32, 33, 37, 38, 43, 44, 46, 47, 48, 49, 50, 51, 52, 53, 54, 55, 56, 57, 58, 59, 60, 63, 64, 65, 66",785.46,m2,否,2天,2天,人工,楼面面层抹灰,依赖1个任务,人工,0,3840,7
7层 - 开关面板安装,电,板,2,水电工,7680,2027/09/12,2027/09/17,"标准层施工, 暑期施工","1, 2, 3, 4, 5, 6, 7, 8, 9, 10, 11, 12, 13, 14, 15, 16, 17, 32, 33, 37, 38, 43, 44, 46, 47, 48, 49, 50, 51, 52, 53, 54, 55, 56, 57, 58, 59, 60, 63, 64, 65, 66, 67",,,否,8天,8天,人工,面砖铺贴,依赖1个任务,人工,0,7680,7
7层 - 顶棚壁纸施工,建筑,其他,2,抹灰工,1536,2027/09/17,2027/09/19,"标准层施工, 暑期施工","1, 2, 3, 4, 5, 6, 7, 8, 9, 10, 11, 12, 13, 14, 15, 16, 17, 32, 33, 37, 38, 43, 44, 46, 47, 48, 49, 50, 51, 52, 53, 54, 55, 56, 57, 58, 59, 60, 63, 64, 65, 66, 67, 68",785.46,m2,否,2天,2天,人工,开关面板安装,依赖1个任务,人工,0,1536,7
7层 - 内墙面涂料、壁纸施工,建筑,其他,4,抹灰工,8832,2027/09/19,2027/09/22,"标准层施工, 暑期施工","1, 2, 3, 4, 5, 6, 7, 8, 9, 10, 11, 12, 13, 14, 15, 16, 17, 32, 33, 37, 38, 43, 44, 46, 47, 48, 49, 50, 51, 52, 53, 54, 55, 56, 57, 58, 59, 60, 63, 64, 65, 66, 67, 68, 69",1455.27,m2,否,5天9小时,6天,人工,顶棚壁纸施工,依赖1个任务,人工,0,8832,7
7层 - 灯具安装,电,其他,2,水电工,960,2027/09/22,2027/09/23,"标准层施工, 暑期施工","1, 2, 3, 4, 5, 6, 7, 8, 9, 10, 11, 12, 13, 14, 15, 16, 17, 32, 33, 37, 38, 43, 44, 46, 47, 48, 49, 50, 51, 52, 53, 54, 55, 56, 57, 58, 59, 60, 63, 64, 65, 66, 67, 68, 69, 70",,,否,1天,1天,人工,内墙面涂料、壁纸施工,依赖1个任务,人工,0,960,7
7层 - 洁具安装,给排水,其他,2,水电工,960,2027/09/22,2027/09/23,"标准层施工, 暑期施工","1, 2, 3, 4, 5, 6, 7, 8, 9, 10, 11, 12, 13, 14, 15, 16, 17, 32, 33, 37, 38, 43, 44, 46, 47, 48, 49, 50, 51, 52, 53, 54, 55, 56, 57, 58, 59, 60, 63, 64, 65, 66, 67, 68, 69, 70",,,否,1天,1天,人工,内墙面涂料、壁纸施工,依赖1个任务,人工,0,960,7
7层 - 公共部位楼梯栏杆安装,建筑,其他,2,不限,384,2027/09/22,2027/09/23,"标准层施工, 暑期施工","1, 2, 3, 4, 5, 6, 7, 8, 9, 10, 11, 12, 13, 14, 15, 16, 17, 32, 33, 37, 38, 43, 44, 46, 47, 48, 49, 50, 51, 52, 53, 54, 55, 56, 57, 58, 59, 60, 63, 64, 65, 66, 67, 68, 69, 70",,,否,1天,1天,人工,内墙面涂料、壁纸施工,依赖1个任务,人工,0,384,7
7层 - 消防系统安装,,其他,,,0,2027/09/22,2027/10/08,"标准层施工, 暑期施工","1, 2, 3, 4, 5, 6, 7, 8, 9, 10, 11, 12, 13, 14, 15, 16, 17, 32, 33, 37, 38, 43, 44, 46, 47, 48, 49, 50, 51, 52, 53, 54, 55, 56, 57, 58, 59, 60, 63, 64, 65, 66, 67, 68, 69, 70",785.46,m2,否,25天,25天,人工,内墙面涂料、壁纸施工,依赖1个任务,人工,0,0,7
7层 - 弱电及智能系统安装,,其他,,,0,2027/09/22,2027/10/05,"标准层施工, 暑期施工","1, 2, 3, 4, 5, 6, 7, 8, 9, 10, 11, 12, 13, 14, 15, 16, 17, 32, 33, 37, 38, 43, 44, 46, 47, 48, 49, 50, 51, 52, 53, 54, 55, 56, 57, 58, 59, 60, 63, 64, 65, 66, 67, 68, 69, 70",785.46,m2,否,20天,20天,人工,内墙面涂料、壁纸施工,依赖1个任务,人工,0,0,7
8层 - 柱、墙、梁、板钢筋制作,,柱,3,钢筋工,118729,2027/10/08,2027/10/10,"标准层施工, 暑期施工",,25.61,吨,否,2天9小时,3天,人工制作,无,,人工制作,115264,3465,8
8层 - 柱测量放线,结构,柱,2,测量员,80,2027/10/08,2027/10/08,"标准层施工, 暑期施工",,785.46,m2,否,2小时,1天,水准仪,无,,水准仪,0,80,8
8层 - 剪力墙放线,结构,剪力墙,2,测量员,80,2027/10/08,2027/10/08,"标准层施工, 暑期施工",,785.46,m2,否,2小时,1天,水准仪,无,,水准仪,0,80,8
8层 - 柱钢筋绑扎,结构,柱,8,钢筋工,0,2027/10/10,2027/10/10,"标准层施工, 暑期施工","1, 2",0,吨,否,0小时,0天,人工,"柱、墙、梁、板钢筋制作, 柱测量放线",依赖2个任务,人工,0,0,8
8层 - 短肢剪力墙钢筋绑扎,结构,剪力墙,8,钢筋工,3360,2027/10/10,2027/10/10,"标准层施工, 暑期施工","1, 3",8.28,吨,否,1天,1天,人工,"柱、墙、梁、板钢筋制作, 剪力墙放线",依赖2个任务,人工,0,3360,8
8层 - 柱钢筋验收,,柱,,,0,2027/10/10,2027/10/10,"标准层施工, 暑期施工","1, 2, 4",,,否,4小时,1天,人工,柱钢筋绑扎,依赖1个任务,人工,0,0,8
8层 - 剪力墙钢筋验收,,剪力墙,,,0,2027/10/10,2027/10/11,"标准层施工, 暑期施工","1, 2, 5",,,否,4小时,1天,人工,"柱测量放线, 短肢剪力墙钢筋绑扎",依赖2个任务,人工,0,0,8
8层 - 柱模板拼装,结构,柱,4,木工,0,2027/10/10,2027/10/10,"标准层施工, 暑期施工","1, 2, 4, 6",0,m2,否,0小时,0天,"木模板, 铝模板, 塑料模板, 大模板",柱钢筋验收,依赖1个任务,木模板,0,0,8
8层 - 剪力墙模板拼装,结构,剪力墙,4,木工,14994,2027/10/11,2027/10/11,"标准层施工, 暑期施工","1, 3, 5, 7",951.66,m2,否,1天8小时,2天,"木模板, 铝模板, 塑料模板, 大模板",剪力墙钢筋验收,依赖1个任务,木模板,11394,3600,8
8层 - 墙模板验收,,板,,,0,2027/10/11,2027/10/12,"标准层施工, 暑期施工","1, 3, 5, 7, 9",,,否,4小时,1天,人工,剪力墙模板拼装,依赖1个任务,人工,0,0,8
8层 - 柱模板验收,,柱,,,0,2027/10/10,2027/10/10,"标准层施工, 暑期施工","1, 2, 4, 6, 8",,,否,4小时,1天,人工,柱模板拼装,依赖1个任务,人工,0,0,8
8层 - 短肢剪力墙混凝土浇筑,结构,剪力墙,8,混凝土工,38430.73,2027/10/14,2027/10/14,"标准层施工, 暑期施工","1, 3, 5, 7, 9, 10",92.62,m3,否,5小时,1天,"固定泵1个, 固定泵2个, 移动泵1个, 移动泵2个",墙模板验收,依赖1个任务,固定泵1个,37390.7342,1040,8
8层 - 短肢剪力墙混凝土养护,结构,剪力墙,2,不限,2688,2027/10/14,2027/10/19,"标准层施工, 暑期施工","1, 3, 5, 7, 9, 10, 12",,,否,7天,7天,人工,短肢剪力墙混凝土浇筑,依赖1个任务,人工,0,2688,8
8层 - 柱混凝土浇筑,结构,柱,4,混凝土工,0,2027/10/14,2027/10/14,"标准层施工, 暑期施工","1, 2, 4, 6, 8, 11",0,m3,否,0小时,0天,"固定泵1个, 固定泵2个, 移动泵1个, 移动泵2个",柱模板验收,依赖1个任务,固定泵1个,0,0,8
8层 - 柱混凝土养护,结构,柱,2,不限,2688,2027/10/14,2027/10/18,"标准层施工, 暑期施工","1, 2, 4, 6, 8, 11, 14",,,否,7天,7天,人工,柱混凝土浇筑,依赖1个任务,人工,0,2688,8
8层 - 短肢剪力墙模板拆除,结构,剪力墙,4,木工,1800,2027/10/19,2027/10/19,"标准层施工, 暑期施工","1, 3, 5, 7, 9, 10, 12, 13",951.66,m2,否,10小时,1天,人工,短肢剪力墙混凝土养护,依赖1个任务,人工,0,1800,8
8层 - 柱模板拆除,结构,柱,4,木工,0,2027/10/19,2027/10/18,"标准层施工, 暑期施工","1, 2, 4, 6, 8, 11, 14, 15",0,m2,否,0小时,0天,人工,柱混凝土养护,依赖1个任务,人工,0,0,8
8层 - 预制叠合板安装,结构,板,3,不限,12981.55,2027/10/19,2027/10/20,"标准层施工, 暑期施工","1, 2, 3, 4, 5, 6, 7, 8, 9, 10, 11, 12, 13, 14, 15, 16, 17",785.46,m2,否,1天,1天,人工＋机械,"短肢剪力墙模板拆除, 柱模板拆除",依赖2个任务,人工＋机械,12405.546,576,8
8层 - 钢筋桁架楼承板安装,结构,板,3,木工,1620,2027/10/19,2027/10/20,"标准层施工, 暑期施工","1, 2, 3, 4, 5, 6, 7, 8, 9, 10, 11, 12, 13, 14, 15, 16, 17",785.46,m2,否,1天,1天,人工＋机械,"短肢剪力墙模板拆除, 柱模板拆除",依赖2个任务,人工＋机械,0,1620,8
8层 - 梁板模板拼装,结构,梁,4,木工,56577.68,2027/10/19,2027/10/20,"标准层施工, 暑期施工","1, 2, 3, 4, 5, 6, 7, 8, 9, 10, 11, 12, 13, 14, 15, 16, 17",898.8,m2,否,1天2小时,2天,"木模板, 铝模板, 塑料模板, 大模板","短肢剪力墙模板拆除, 柱模板拆除",依赖2个任务,木模板,54057.6773,2520,8
8层 - 楼梯模板拼装,结构,板,4,木工,4444.49,2027/10/19,2027/10/20,"标准层施工, 暑期施工","1, 2, 3, 4, 5, 6, 7, 8, 9, 10, 11, 12, 13, 14, 15, 16, 17",25.25,m2,否,6小时,1天,"木模板, 铝模板, 塑料模板","短肢剪力墙模板拆除, 柱模板拆除",依赖2个任务,木模板,3364.4868,1080,8
8层 - 梁板模板验收,,梁,,,0,2027/10/20,2027/10/20,"标准层施工, 暑期施工","1, 2, 3, 4, 5, 6, 7, 8, 9, 10, 11, 12, 13, 14, 15, 16, 17, 18, 19, 20",,,否,4小时,1天,人工,"预制叠合板安装, 钢筋桁架楼承板安装, 梁板模板拼装",依赖3个任务,人工,0,0,8
8层 - 楼梯模板验收,,板,,,0,2027/10/20,2027/10/20,"标准层施工, 暑期施工","1, 2, 3, 4, 5, 6, 7, 8, 9, 10, 11, 12, 13, 14, 15, 16, 17, 18, 19, 20, 21",,,否,4小时,1天,人工,"预制叠合板安装, 钢筋桁架楼承板安装, 梁板模板拼装, 楼梯模板拼装",依赖4个任务,人工,0,0,8
8层 - 梁板底排钢筋绑扎,结构,梁,6,钢筋工,1890,2027/10/20,2027/10/21,"标准层施工, 暑期施工","1, 2, 3, 4, 5, 6, 7, 8, 9, 10, 11, 12, 13, 14, 15, 16, 17, 18, 19, 20, 22",8.82,吨,否,9小时,1天,人工,梁板模板验收,依赖1个任务,人工,0,1890,8
8层 - 水电管线预留预埋,给排水,其他,1,水电工,240,2027/10/21,2027/10/21,"标准层施工, 暑期施工","1, 2, 3, 4, 5, 6, 7, 8, 9, 10, 11, 12, 13, 14, 15, 16, 17, 18, 19, 20, 22, 24",785.46,m2,否,6小时,1天,人工,梁板底排钢筋绑扎,依赖1个任务,人工,0,240,8
8层 - 楼板上排钢筋绑扎,结构,板,6,钢筋工,1890,2027/10/21,2027/10/21,"标准层施工, 暑期施工","1, 2, 3, 4, 5, 6, 7, 8, 9, 10, 11, 12, 13, 14, 15, 16, 17, 18, 19, 20, 22, 24",8.82,吨,否,9小时,1天,人工,梁板底排钢筋绑扎,依赖1个任务,人工,0,1890,8
8层 - 梁板钢筋验收,,梁,,,0,2027/10/21,2027/10/21,"标准层施工, 暑期施工","1, 2, 3, 4, 5, 6, 7, 8, 9, 10, 11, 12, 13, 14, 15, 16, 17, 18, 19, 20, 22, 24, 26",,,否,4小时,1天,人工,楼板上排钢筋绑扎,依赖1个任务,人工,0,0,8
8层 - 水电验收,,其他,,,0,2027/10/21,2027/10/21,"标准层施工, 暑期施工","1, 2, 3, 4, 5, 6, 7, 8, 9, 10, 11, 12, 13, 14, 15, 16, 17, 18, 19, 20, 22, 24, 25",,,否,4小时,1天,人工,水电管线预留预埋,依赖1个任务,人工,0,0,8
8层 - 梁板混凝土浇筑,结构,梁,8,混凝土工,68563.1,2027/10/21,2027/10/21,"标准层施工, 暑期施工","1, 2, 3, 4, 5, 6, 7, 8, 9, 10, 11, 12, 13, 14, 15, 16, 17, 18, 19, 20, 22, 24, 26, 28",129.06,m3,否,7小时,1天,"木模板, 铝模板, 塑料模板, 大模板","楼板上排钢筋绑扎, 水电验收",依赖2个任务,木模板,67107.0961,1456,8
8层 - 梁板混凝土养护,结构,梁,2,不限,2688,2027/10/21,2027/10/26,"标准层施工, 暑期施工","1, 2, 3, 4, 5, 6, 7, 8, 9, 10, 11, 12, 13, 14, 15, 16, 17, 18, 19, 20, 22, 24, 26, 28, 29",,,否,7天,7天,人工,梁板混凝土浇筑,依赖1个任务,人工,0,2688,8
8层 - 梁板混凝土拆模,结构,梁,4,木工,1800,2027/10/26,2027/10/26,"标准层施工, 暑期施工","1, 2, 3, 4, 5, 6, 7, 8, 9, 10, 11, 12, 13, 14, 15, 16, 17, 18, 19, 20, 22, 24, 26, 28, 30, 30",129.06,m3,否,10小时,1天,人工,梁板混凝土养护,依赖1个任务,人工,0,1800,8
8层 - 隔墙测量放线,建筑,其他,2,测量员,80,2027/10/19,2027/10/19,"标准层施工, 暑期施工","1, 2, 3, 4, 5, 6, 7, 8, 9, 10, 11, 12, 13, 14, 15, 16, 17",785.46,m2,否,2小时,1天,人工,"短肢剪力墙模板拆除, 柱模板拆除",依赖2个任务,人工,0,80,8
8层 - 隔墙墙体砌筑及墙板安装,建筑,板,2,砌筑工,74633.3,2027/10/19,2027/10/23,"标准层施工, 暑期施工","1, 2, 3, 4, 5, 6, 7, 8, 9, 10, 11, 12, 13, 14, 15, 16, 17, 32",60.25,m3,否,6天3小时,7天,"蒸压加气块, 混凝土标准砖, 粘土标准砖, ALC板, 石膏板, 轻质隔墙板",隔墙测量放线,依赖1个任务,蒸压加气块,69833.296,4800,8
8层 - 水电管线预留预埋,给排水,其他,1,水电工,240,2027/10/23,2027/10/24,"标准层施工, 暑期施工","1, 2, 3, 4, 5, 6, 7, 8, 9, 10, 11, 12, 13, 14, 15, 16, 17, 32, 33",785.46,m2,否,6小时,1天,人工,隔墙墙体砌筑及墙板安装,依赖1个任务,人工,0,240,8
8层 - 隔墙墙体砌筑验收,,其他,,,0,2027/10/24,2027/10/24,"标准层施工, 暑期施工","1, 2, 3, 4, 5, 6, 7, 8, 9, 10, 11, 12, 13, 14, 15, 16, 17, 32, 33, 34",,,否,2小时,1天,人工,水电管线预留预埋,依赖1个任务,人工,0,0,8
8层 - 水电验收,,其他,,,0,2027/10/24,2027/10/24,"标准层施工, 暑期施工","1, 2, 3, 4, 5, 6, 7, 8, 9, 10, 11, 12, 13, 14, 15, 16, 17, 32, 33, 35",,,否,2小时,1天,人工,隔墙墙体砌筑验收,依赖1个任务,人工,0,0,8
8层 - 窗框安装,建筑,其他,2,不限,176700.34,2027/10/24,2027/10/24,"标准层施工, 暑期施工","1, 2, 3, 4, 5, 6, 7, 8, 9, 10, 11, 12, 13, 14, 15, 16, 17, 32, 33, 35",190.59,m2,否,4小时,1天,人工,隔墙墙体砌筑验收,依赖1个任务,人工,176572.3413,128,8
8层 - 窗框验收,,其他,,,0,2027/10/24,2027/10/24,"标准层施工, 暑期施工","1, 2, 3, 4, 5, 6, 7, 8, 9, 10, 11, 12, 13, 14, 15, 16, 17, 32, 33, 37",,,否,4小时,1天,人工,窗框安装,依赖1个任务,人工,0,0,8
8层 - 外墙面保温施工,建筑,其他,6,抹灰工,65627.77,2027/10/24,2027/11/03,"标准层施工, 暑期施工","1, 2, 3, 4, 5, 6, 7, 8, 9, 10, 11, 12, 13, 14, 15, 16, 17, 32, 33, 37, 38",340.3,m2,否,16天6小时,17天,人工,窗框验收,依赖1个任务,人工,27611.7719,38016,8
8层 - 外墙面腻子一道,建筑,其他,6,抹灰工,24384,2027/11/03,2027/11/10,"标准层施工, 暑期施工","1, 2, 3, 4, 5, 6, 7, 8, 9, 10, 11, 12, 13, 14, 15, 16, 17, 32, 33, 37, 38, 39",340.3,m2,否,10天7小时,11天,人工,外墙面保温施工,依赖1个任务,人工,0,24384,8
8层 - 外墙面腻子二道,建筑,其他,6,抹灰工,22464,2027/11/10,2027/11/16,"标准层施工, 暑期施工","1, 2, 3, 4, 5, 6, 7, 8, 9, 10, 11, 12, 13, 14, 15, 16, 17, 32, 33, 37, 38, 39, 40",340.3,m2,否,9天9小时,10天,人工,外墙面腻子一道,依赖1个任务,人工,0,22464,8
8层 - 外墙涂料面层,建筑,其他,6,抹灰工,32064,2027/11/16,2027/11/25,"标准层施工, 暑期施工","1, 2, 3, 4, 5, 6, 7, 8, 9, 10, 11, 12, 13, 14, 15, 16, 17, 32, 33, 37, 38, 39, 40, 41",340.3,m2,否,13天11小时,14天,人工,外墙面腻子二道,依赖1个任务,人工,0,32064,8
8层 - 内墙面保温,建筑,其他,6,抹灰工,30070.77,2027/10/24,2027/10/26,"标准层施工, 暑期施工","1, 2, 3, 4, 5, 6, 7, 8, 9, 10, 11, 12, 13, 14, 15, 16, 17, 32, 33, 37, 38",1455.27,m2,否,2天4小时,3天,人工,窗框验收,依赖1个任务,人工,24694.7677,5376,8
8层 - 内墙面抹灰,建筑,其他,6,抹灰工,5376,2027/10/26,2027/10/27,"标准层施工, 暑期施工","1, 2, 3, 4, 5, 6, 7, 8, 9, 10, 11, 12, 13, 14, 15, 16, 17, 32, 33, 37, 38, 43",1455.27,m2,否,2天4小时,3天,人工,内墙面保温,依赖1个任务,人工,0,5376,8
8层 - 外墙面验收,,其他,,,0,2027/11/25,2027/11/25,"标准层施工, 暑期施工","1, 2, 3, 4, 5, 6, 7, 8, 9, 10, 11, 12, 13, 14, 15, 16, 17, 32, 33, 37, 38, 39, 40, 41, 42",,,否,4小时,1天,人工,外墙涂料面层,依赖1个任务,人工,0,0,8
8层 - 内墙面验收,,其他,,,0,2027/10/27,2027/10/27,"标准层施工, 暑期施工","1, 2, 3, 4, 5, 6, 7, 8, 9, 10, 11, 12, 13, 14, 15, 16, 17, 32, 33, 37, 38, 43, 44",,,否,4小时,1天,人工,内墙面抹灰,依赖1个任务,人工,0,0,8
8层 - 有水房间防水施工,建筑,其他,2,防水工,4800,2027/10/27,2027/11/02,"标准层施工, 暑期施工","1, 2, 3, 4, 5, 6, 7, 8, 9, 10, 11, 12, 13, 14, 15, 16, 17, 32, 33, 37, 38, 43, 44, 46",,,否,10天,10天,人工,内墙面验收,依赖1个任务,人工,0,4800,8
8层 - 防水保护层施工,建筑,其他,2,防水工,5760,2027/11/03,2027/11/10,"标准层施工, 暑期施工","1, 2, 3, 4, 5, 6, 7, 8, 9, 10, 11, 12, 13, 14, 15, 16, 17, 32, 33, 37, 38, 43, 44, 46, 47",,,否,12天,12天,人工,有水房间防水施工,依赖1个任务,人工,0,5760,8
8层 - 防水保护层养护,建筑,其他,2,防水工,6720,2027/11/10,2027/11/19,"标准层施工, 暑期施工","1, 2, 3, 4, 5, 6, 7, 8, 9, 10, 11, 12, 13, 14, 15, 16, 17, 32, 33, 37, 38, 43, 44, 46, 47, 48",,,否,14天,14天,人工,防水保护层施工,依赖1个任务,人工,0,6720,8
8层 - 水立管安装与调试,给排水,其他,4,水电工,640,2027/11/19,2027/11/19,"标准层施工, 暑期施工","1, 2, 3, 4, 5, 6, 7, 8, 9, 10, 11, 12, 13, 14, 15, 16, 17, 32, 33, 37, 38, 43, 44, 46, 47, 48, 49",785.46,m2,否,4小时,1天,人工,防水保护层养护,依赖1个任务,人工,0,640,8
8层 - 水干管安装与调试,给排水,其他,4,水电工,1280,2027/11/19,2027/11/19,"标准层施工, 暑期施工","1, 2, 3, 4, 5, 6, 7, 8, 9, 10, 11, 12, 13, 14, 15, 16, 17, 32, 33, 37, 38, 43, 44, 46, 47, 48, 49, 50",785.46,m2,否,8小时,1天,人工,水立管安装与调试,依赖1个任务,人工,0,1280,8
8层 - 水支管安装与调试,给排水,其他,4,水电工,1280,2027/11/20,2027/11/20,"标准层施工, 暑期施工","1, 2, 3, 4, 5, 6, 7, 8, 9, 10, 11, 12, 13, 14, 15, 16, 17, 32, 33, 37, 38, 43, 44, 46, 47, 48, 49, 50, 51",785.46,m2,否,8小时,1天,人工,水干管安装与调试,依赖1个任务,人工,0,1280,8
8层 - 地盘管安装与调试,暖,其他,6,水电工,28320,2027/11/19,2027/11/25,"标准层施工, 暑期施工","1, 2, 3, 4, 5, 6, 7, 8, 9, 10, 11, 12, 13, 14, 15, 16, 17, 32, 33, 37, 38, 43, 44, 46, 47, 48, 49",785.46,m2,否,9天10小时,10天,人工,防水保护层养护,依赖1个任务,人工,0,28320,8
8层 - 水管盘管验收,,其他,,,0,2027/11/25,2027/11/25,"标准层施工, 暑期施工","1, 2, 3, 4, 5, 6, 7, 8, 9, 10, 11, 12, 13, 14, 15, 16, 17, 32, 33, 37, 38, 43, 44, 46, 47, 48, 49, 50, 51, 52, 53",,,否,4小时,1天,人工,"水支管安装与调试, 地盘管安装与调试",依赖2个任务,人工,0,0,8
8层 - 门框安装,建筑,其他,3,不限,480,2027/11/25,2027/11/26,"标准层施工, 暑期施工","1, 2, 3, 4, 5, 6, 7, 8, 9, 10, 11, 12, 13, 14, 15, 16, 17, 32, 33, 37, 38, 43, 44, 46, 47, 48, 49, 50, 51, 52, 53, 54",166.34,m2,否,10小时,1天,人工,水管盘管验收,依赖1个任务,人工,0,480,8
8层 - 门框验收,,其他,,,0,2027/11/26,2027/11/26,"标准层施工, 暑期施工","1, 2, 3, 4, 5, 6, 7, 8, 9, 10, 11, 12, 13, 14, 15, 16, 17, 32, 33, 37, 38, 43, 44, 46, 47, 48, 49, 50, 51, 52, 53, 54, 55",,,否,4小时,1天,人工,门框安装,依赖1个任务,人工,0,0,8
8层 - 楼面基层施工,建筑,其他,2,抹灰工,3072,2027/11/26,2027/11/28,"标准层施工, 暑期施工","1, 2, 3, 4, 5, 6, 7, 8, 9, 10, 11, 12, 13, 14, 15, 16, 17, 32, 33, 37, 38, 43, 44, 46, 47, 48, 49, 50, 51, 52, 53, 54, 55, 56",785.46,m2,否,4天,4天,人工,门框验收,依赖1个任务,人工,0,3072,8
8层 - 穿带线安装,电,其他,2,水电工,8640,2027/11/28,2027/12/04,"标准层施工, 暑期施工","1, 2, 3, 4, 5, 6, 7, 8, 9, 10, 11, 12, 13, 14, 15, 16, 17, 32, 33, 37, 38, 43, 44, 46, 47, 48, 49, 50, 51, 52, 53, 54, 55, 56, 57",785.46,m2,否,9天,9天,人工,楼面基层施工,依赖1个任务,人工,0,8640,8
8层 - 电箱安装,电,其他,2,水电工,8640,2027/12/04,2027/12/10,"标准层施工, 暑期施工","1, 2, 3, 4, 5, 6, 7, 8, 9, 10, 11, 12, 13, 14, 15, 16, 17, 32, 33, 37, 38, 43, 44, 46, 47, 48, 49, 50, 51, 52, 53, 54, 55, 56, 57, 58",785.46,m2,否,9天,9天,人工,穿带线安装,依赖1个任务,人工,0,8640,8
8层 - 电盒安装,电,其他,2,水电工,8640,2027/12/10,2027/12/15,"标准层施工, 暑期施工","1, 2, 3, 4, 5, 6, 7, 8, 9, 10, 11, 12, 13, 14, 15, 16, 17, 32, 33, 37, 38, 43, 44, 46, 47, 48, 49, 50, 51, 52, 53, 54, 55, 56, 57, 58, 59",785.46,m2,否,9天,9天,人工,电箱安装,依赖1个任务,人工,0,8640,8
8层 - 穿带线、电箱、电盒验收,电,其他,,,0,2027/12/15,2027/12/15,"标准层施工, 暑期施工","1, 2, 3, 4, 5, 6, 7, 8, 9, 10, 11, 12, 13, 14, 15, 16, 17, 32, 33, 37, 38, 43, 44, 46, 47, 48, 49, 50, 51, 52, 53, 54, 55, 56, 57, 58, 59, 60",,,否,4小时,1天,人工,电盒安装,依赖1个任务,人工,0,0,8
8层 - 门窗扇五金安装,建筑,其他,2,不限,2240,2027/12/15,2027/12/19,"标准层施工, 暑期施工","1, 2, 3, 4, 5, 6, 7, 8, 9, 10, 11, 12, 13, 14, 15, 16, 17, 32, 33, 37, 38, 43, 44, 46, 47, 48, 49, 50, 51, 52, 53, 54, 55, 56, 57, 58, 59, 60",356.93,m2,否,5天10小时,6天,人工,电盒安装,依赖1个任务,人工,0,2240,8
8层 - 顶棚腻子,建筑,其他,3,抹灰工,3456,2027/12/15,2027/12/17,"标准层施工, 暑期施工","1, 2, 3, 4, 5, 6, 7, 8, 9, 10, 11, 12, 13, 14, 15, 16, 17, 32, 33, 37, 38, 43, 44, 46, 47, 48, 49, 50, 51, 52, 53, 54, 55, 56, 57, 58, 59, 61",785.46,m2,否,3天,3天,人工,穿带线、电箱、电盒验收,依赖1个任务,人工,0,3456,8
8层 - 墙面石膏、腻子,建筑,其他,5,抹灰工,11040,2027/12/17,2027/12/21,"标准层施工, 暑期施工","1, 2, 3, 4, 5, 6, 7, 8, 9, 10, 11, 12, 13, 14, 15, 16, 17, 32, 33, 37, 38, 43, 44, 46, 47, 48, 49, 50, 51, 52, 53, 54, 55, 56, 57, 58, 59, 60, 63",1455.27,m2,否,5天9小时,6天,人工,顶棚腻子,依赖1个任务,人工,0,11040,8
8层 - 电线、电缆安装,电,其他,2,抹灰工,9216,2027/12/21,2027/12/29,"标准层施工, 暑期施工","1, 2, 3, 4, 5, 6, 7, 8, 9, 10, 11, 12, 13, 14, 15, 16, 17, 32, 33, 37, 38, 43, 44, 46, 47, 48, 49, 50, 51, 52, 53, 54, 55, 56, 57, 58, 59, 60, 63, 64",785.46,m2,否,12天,12天,人工,墙面石膏、腻子,依赖1个任务,人工,0,9216,8
8层 - 楼面面层抹灰,建筑,其他,3,水电工,2880,2027/12/29,2027/12/30,"标准层施工, 暑期施工","1, 2, 3, 4, 5, 6, 7, 8, 9, 10, 11, 12, 13, 14, 15, 16, 17, 32, 33, 37, 38, 43, 44, 46, 47, 48, 49, 50, 51, 52, 53, 54, 55, 56, 57, 58, 59, 60, 63, 64, 65",785.46,m2,否,2天,2天,人工,电线、电缆安装,依赖1个任务,人工,0,2880,8
8层 - 面砖铺贴,建筑,其他,5,砌筑工,3840,2027/12/30,2027/12/31,"标准层施工, 暑期施工","1, 2, 3, 4, 5, 6, 7, 8, 9, 10, 11, 12, 13, 14, 15, 16, 17, 32, 33, 37, 38, 43, 44, 46, 47, 48, 49, 50, 51, 52, 53, 54, 55, 56, 57, 58, 59, 60, 63, 64, 65, 66",785.46,m2,否,2天,2天,人工,楼面面层抹灰,依赖1个任务,人工,0,3840,8
8层 - 开关面板安装,电,板,2,水电工,7680,2027/12/31,2028/01/05,"标准层施工, 暑期施工","1, 2, 3, 4, 5, 6, 7, 8, 9, 10, 11, 12, 13, 14, 15, 16, 17, 32, 33, 37, 38, 43, 44, 46, 47, 48, 49, 50, 51, 52, 53, 54, 55, 56, 57, 58, 59, 60, 63, 64, 65, 66, 67",,,否,8天,8天,人工,面砖铺贴,依赖1个任务,人工,0,7680,8
8层 - 顶棚壁纸施工,建筑,其他,2,抹灰工,1536,2028/01/05,2028/01/06,"标准层施工, 暑期施工","1, 2, 3, 4, 5, 6, 7, 8, 9, 10, 11, 12, 13, 14, 15, 16, 17, 32, 33, 37, 38, 43, 44, 46, 47, 48, 49, 50, 51, 52, 53, 54, 55, 56, 57, 58, 59, 60, 63, 64, 65, 66, 67, 68",785.46,m2,否,2天,2天,人工,开关面板安装,依赖1个任务,人工,0,1536,8
8层 - 内墙面涂料、壁纸施工,建筑,其他,4,抹灰工,8832,2028/01/06,2028/01/10,"标准层施工, 暑期施工","1, 2, 3, 4, 5, 6, 7, 8, 9, 10, 11, 12, 13, 14, 15, 16, 17, 32, 33, 37, 38, 43, 44, 46, 47, 48, 49, 50, 51, 52, 53, 54, 55, 56, 57, 58, 59, 60, 63, 64, 65, 66, 67, 68, 69",1455.27,m2,否,5天9小时,6天,人工,顶棚壁纸施工,依赖1个任务,人工,0,8832,8
8层 - 灯具安装,电,其他,2,水电工,960,2028/01/10,2028/01/11,"标准层施工, 暑期施工","1, 2, 3, 4, 5, 6, 7, 8, 9, 10, 11, 12, 13, 14, 15, 16, 17, 32, 33, 37, 38, 43, 44, 46, 47, 48, 49, 50, 51, 52, 53, 54, 55, 56, 57, 58, 59, 60, 63, 64, 65, 66, 67, 68, 69, 70",,,否,1天,1天,人工,内墙面涂料、壁纸施工,依赖1个任务,人工,0,960,8
8层 - 洁具安装,给排水,其他,2,水电工,960,2028/01/10,2028/01/11,"标准层施工, 暑期施工","1, 2, 3, 4, 5, 6, 7, 8, 9, 10, 11, 12, 13, 14, 15, 16, 17, 32, 33, 37, 38, 43, 44, 46, 47, 48, 49, 50, 51, 52, 53, 54, 55, 56, 57, 58, 59, 60, 63, 64, 65, 66, 67, 68, 69, 70",,,否,1天,1天,人工,内墙面涂料、壁纸施工,依赖1个任务,人工,0,960,8
8层 - 公共部位楼梯栏杆安装,建筑,其他,2,不限,384,2028/01/10,2028/01/11,"标准层施工, 暑期施工","1, 2, 3, 4, 5, 6, 7, 8, 9, 10, 11, 12, 13, 14, 15, 16, 17, 32, 33, 37, 38, 43, 44, 46, 47, 48, 49, 50, 51, 52, 53, 54, 55, 56, 57, 58, 59, 60, 63, 64, 65, 66, 67, 68, 69, 70",,,否,1天,1天,人工,内墙面涂料、壁纸施工,依赖1个任务,人工,0,384,8
8层 - 消防系统安装,,其他,,,0,2028/01/10,2028/01/26,"标准层施工, 暑期施工","1, 2, 3, 4, 5, 6, 7, 8, 9, 10, 11, 12, 13, 14, 15, 16, 17, 32, 33, 37, 38, 43, 44, 46, 47, 48, 49, 50, 51, 52, 53, 54, 55, 56, 57, 58, 59, 60, 63, 64, 65, 66, 67, 68, 69, 70",785.46,m2,否,25天,25天,人工,内墙面涂料、壁纸施工,依赖1个任务,人工,0,0,8
8层 - 弱电及智能系统安装,,其他,,,0,2028/01/10,2028/01/23,"标准层施工, 暑期施工","1, 2, 3, 4, 5, 6, 7, 8, 9, 10, 11, 12, 13, 14, 15, 16, 17, 32, 33, 37, 38, 43, 44, 46, 47, 48, 49, 50, 51, 52, 53, 54, 55, 56, 57, 58, 59, 60, 63, 64, 65, 66, 67, 68, 69, 70",785.46,m2,否,20天,20天,人工,内墙面涂料、壁纸施工,依赖1个任务,人工,0,0,8
9层 - 柱、墙、梁、板钢筋制作,,柱,3,钢筋工,118729,2028/01/26,2028/01/27,"标准层施工, 暑期施工",,25.61,吨,否,2天9小时,3天,人工制作,无,,人工制作,115264,3465,9
9层 - 柱测量放线,结构,柱,2,测量员,80,2028/01/26,2028/01/26,"标准层施工, 暑期施工",,785.46,m2,否,2小时,1天,水准仪,无,,水准仪,0,80,9
9层 - 剪力墙放线,结构,剪力墙,2,测量员,80,2028/01/26,2028/01/26,"标准层施工, 暑期施工",,785.46,m2,否,2小时,1天,水准仪,无,,水准仪,0,80,9
9层 - 柱钢筋绑扎,结构,柱,8,钢筋工,0,2028/01/27,2028/01/27,"标准层施工, 暑期施工","1, 2",0,吨,否,0小时,0天,人工,"柱、墙、梁、板钢筋制作, 柱测量放线",依赖2个任务,人工,0,0,9
9层 - 短肢剪力墙钢筋绑扎,结构,剪力墙,8,钢筋工,3360,2028/01/27,2028/01/28,"标准层施工, 暑期施工","1, 3",8.28,吨,否,1天,1天,人工,"柱、墙、梁、板钢筋制作, 剪力墙放线",依赖2个任务,人工,0,3360,9
9层 - 柱钢筋验收,,柱,,,0,2028/01/27,2028/01/28,"标准层施工, 暑期施工","1, 2, 4",,,否,4小时,1天,人工,柱钢筋绑扎,依赖1个任务,人工,0,0,9
9层 - 剪力墙钢筋验收,,剪力墙,,,0,2028/01/28,2028/01/28,"标准层施工, 暑期施工","1, 2, 5",,,否,4小时,1天,人工,"柱测量放线, 短肢剪力墙钢筋绑扎",依赖2个任务,人工,0,0,9
9层 - 柱模板拼装,结构,柱,4,木工,0,2028/01/28,2028/01/28,"标准层施工, 暑期施工","1, 2, 4, 6",0,m2,否,0小时,0天,"木模板, 铝模板, 塑料模板, 大模板",柱钢筋验收,依赖1个任务,木模板,0,0,9
9层 - 剪力墙模板拼装,结构,剪力墙,4,木工,14994,2028/01/28,2028/01/29,"标准层施工, 暑期施工","1, 3, 5, 7",951.66,m2,否,1天8小时,2天,"木模板, 铝模板, 塑料模板, 大模板",剪力墙钢筋验收,依赖1个任务,木模板,11394,3600,9
9层 - 墙模板验收,,板,,,0,2028/01/29,2028/01/29,"标准层施工, 暑期施工","1, 3, 5, 7, 9",,,否,4小时,1天,人工,剪力墙模板拼装,依赖1个任务,人工,0,0,9
9层 - 柱模板验收,,柱,,,0,2028/01/28,2028/01/28,"标准层施工, 暑期施工","1, 2, 4, 6, 8",,,否,4小时,1天,人工,柱模板拼装,依赖1个任务,人工,0,0,9
9层 - 短肢剪力墙混凝土浇筑,结构,剪力墙,8,混凝土工,38430.73,2028/02/01,2028/02/01,"标准层施工, 暑期施工","1, 3, 5, 7, 9, 10",92.62,m3,否,5小时,1天,"固定泵1个, 固定泵2个, 移动泵1个, 移动泵2个",墙模板验收,依赖1个任务,固定泵1个,37390.7342,1040,9
9层 - 短肢剪力墙混凝土养护,结构,剪力墙,2,不限,2688,2028/02/01,2028/02/05,"标准层施工, 暑期施工","1, 3, 5, 7, 9, 10, 12",,,否,7天,7天,人工,短肢剪力墙混凝土浇筑,依赖1个任务,人工,0,2688,9
9层 - 柱混凝土浇筑,结构,柱,4,混凝土工,0,2028/02/01,2028/02/01,"标准层施工, 暑期施工","1, 2, 4, 6, 8, 11",0,m3,否,0小时,0天,"固定泵1个, 固定泵2个, 移动泵1个, 移动泵2个",柱模板验收,依赖1个任务,固定泵1个,0,0,9
9层 - 柱混凝土养护,结构,柱,2,不限,2688,2028/02/01,2028/02/05,"标准层施工, 暑期施工","1, 2, 4, 6, 8, 11, 14",,,否,7天,7天,人工,柱混凝土浇筑,依赖1个任务,人工,0,2688,9
9层 - 短肢剪力墙模板拆除,结构,剪力墙,4,木工,1800,2028/02/05,2028/02/06,"标准层施工, 暑期施工","1, 3, 5, 7, 9, 10, 12, 13",951.66,m2,否,10小时,1天,人工,短肢剪力墙混凝土养护,依赖1个任务,人工,0,1800,9
9层 - 柱模板拆除,结构,柱,4,木工,0,2028/02/05,2028/02/05,"标准层施工, 暑期施工","1, 2, 4, 6, 8, 11, 14, 15",0,m2,否,0小时,0天,人工,柱混凝土养护,依赖1个任务,人工,0,0,9
9层 - 预制叠合板安装,结构,板,3,不限,12981.55,2028/02/06,2028/02/07,"标准层施工, 暑期施工","1, 2, 3, 4, 5, 6, 7, 8, 9, 10, 11, 12, 13, 14, 15, 16, 17",785.46,m2,否,1天,1天,人工＋机械,"短肢剪力墙模板拆除, 柱模板拆除",依赖2个任务,人工＋机械,12405.546,576,9
9层 - 钢筋桁架楼承板安装,结构,板,3,木工,1620,2028/02/06,2028/02/07,"标准层施工, 暑期施工","1, 2, 3, 4, 5, 6, 7, 8, 9, 10, 11, 12, 13, 14, 15, 16, 17",785.46,m2,否,1天,1天,人工＋机械,"短肢剪力墙模板拆除, 柱模板拆除",依赖2个任务,人工＋机械,0,1620,9
9层 - 梁板模板拼装,结构,梁,4,木工,56577.68,2028/02/06,2028/02/07,"标准层施工, 暑期施工","1, 2, 3, 4, 5, 6, 7, 8, 9, 10, 11, 12, 13, 14, 15, 16, 17",898.8,m2,否,1天2小时,2天,"木模板, 铝模板, 塑料模板, 大模板","短肢剪力墙模板拆除, 柱模板拆除",依赖2个任务,木模板,54057.6773,2520,9
9层 - 楼梯模板拼装,结构,板,4,木工,4444.49,2028/02/06,2028/02/06,"标准层施工, 暑期施工","1, 2, 3, 4, 5, 6, 7, 8, 9, 10, 11, 12, 13, 14, 15, 16, 17",25.25,m2,否,6小时,1天,"木模板, 铝模板, 塑料模板","短肢剪力墙模板拆除, 柱模板拆除",依赖2个任务,木模板,3364.4868,1080,9
9层 - 梁板模板验收,,梁,,,0,2028/02/07,2028/02/07,"标准层施工, 暑期施工","1, 2, 3, 4, 5, 6, 7, 8, 9, 10, 11, 12, 13, 14, 15, 16, 17, 18, 19, 20",,,否,4小时,1天,人工,"预制叠合板安装, 钢筋桁架楼承板安装, 梁板模板拼装",依赖3个任务,人工,0,0,9
9层 - 楼梯模板验收,,板,,,0,2028/02/07,2028/02/07,"标准层施工, 暑期施工","1, 2, 3, 4, 5, 6, 7, 8, 9, 10, 11, 12, 13, 14, 15, 16, 17, 18, 19, 20, 21",,,否,4小时,1天,人工,"预制叠合板安装, 钢筋桁架楼承板安装, 梁板模板拼装, 楼梯模板拼装",依赖4个任务,人工,0,0,9
9层 - 梁板底排钢筋绑扎,结构,梁,6,钢筋工,1890,2028/02/07,2028/02/07,"标准层施工, 暑期施工","1, 2, 3, 4, 5, 6, 7, 8, 9, 10, 11, 12, 13, 14, 15, 16, 17, 18, 19, 20, 22",8.82,吨,否,9小时,1天,人工,梁板模板验收,依赖1个任务,人工,0,1890,9
9层 - 水电管线预留预埋,给排水,其他,1,水电工,240,2028/02/07,2028/02/07,"标准层施工, 暑期施工","1, 2, 3, 4, 5, 6, 7, 8, 9, 10, 11, 12, 13, 14, 15, 16, 17, 18, 19, 20, 22, 24",785.46,m2,否,6小时,1天,人工,梁板底排钢筋绑扎,依赖1个任务,人工,0,240,9
9层 - 楼板上排钢筋绑扎,结构,板,6,钢筋工,1890,2028/02/07,2028/02/08,"标准层施工, 暑期施工","1, 2, 3, 4, 5, 6, 7, 8, 9, 10, 11, 12, 13, 14, 15, 16, 17, 18, 19, 20, 22, 24",8.82,吨,否,9小时,1天,人工,梁板底排钢筋绑扎,依赖1个任务,人工,0,1890,9
9层 - 梁板钢筋验收,,梁,,,0,2028/02/08,2028/02/08,"标准层施工, 暑期施工","1, 2, 3, 4, 5, 6, 7, 8, 9, 10, 11, 12, 13, 14, 15, 16, 17, 18, 19, 20, 22, 24, 26",,,否,4小时,1天,人工,楼板上排钢筋绑扎,依赖1个任务,人工,0,0,9
9层 - 水电验收,,其他,,,0,2028/02/08,2028/02/08,"标准层施工, 暑期施工","1, 2, 3, 4, 5, 6, 7, 8, 9, 10, 11, 12, 13, 14, 15, 16, 17, 18, 19, 20, 22, 24, 25",,,否,4小时,1天,人工,水电管线预留预埋,依赖1个任务,人工,0,0,9
9层 - 梁板混凝土浇筑,结构,梁,8,混凝土工,68563.1,2028/02/08,2028/02/08,"标准层施工, 暑期施工","1, 2, 3, 4, 5, 6, 7, 8, 9, 10, 11, 12, 13, 14, 15, 16, 17, 18, 19, 20, 22, 24, 26, 28",129.06,m3,否,7小时,1天,"木模板, 铝模板, 塑料模板, 大模板","楼板上排钢筋绑扎, 水电验收",依赖2个任务,木模板,67107.0961,1456,9
9层 - 梁板混凝土养护,结构,梁,2,不限,2688,2028/02/08,2028/02/12,"标准层施工, 暑期施工","1, 2, 3, 4, 5, 6, 7, 8, 9, 10, 11, 12, 13, 14, 15, 16, 17, 18, 19, 20, 22, 24, 26, 28, 29",,,否,7天,7天,人工,梁板混凝土浇筑,依赖1个任务,人工,0,2688,9
9层 - 梁板混凝土拆模,结构,梁,4,木工,1800,2028/02/12,2028/02/13,"标准层施工, 暑期施工","1, 2, 3, 4, 5, 6, 7, 8, 9, 10, 11, 12, 13, 14, 15, 16, 17, 18, 19, 20, 22, 24, 26, 28, 30, 30",129.06,m3,否,10小时,1天,人工,梁板混凝土养护,依赖1个任务,人工,0,1800,9
9层 - 隔墙测量放线,建筑,其他,2,测量员,80,2028/02/06,2028/02/06,"标准层施工, 暑期施工","1, 2, 3, 4, 5, 6, 7, 8, 9, 10, 11, 12, 13, 14, 15, 16, 17",785.46,m2,否,2小时,1天,人工,"短肢剪力墙模板拆除, 柱模板拆除",依赖2个任务,人工,0,80,9
9层 - 隔墙墙体砌筑及墙板安装,建筑,板,2,砌筑工,74633.3,2028/02/06,2028/02/10,"标准层施工, 暑期施工","1, 2, 3, 4, 5, 6, 7, 8, 9, 10, 11, 12, 13, 14, 15, 16, 17, 32",60.25,m3,否,6天3小时,7天,"蒸压加气块, 混凝土标准砖, 粘土标准砖, ALC板, 石膏板, 轻质隔墙板",隔墙测量放线,依赖1个任务,蒸压加气块,69833.296,4800,9
9层 - 水电管线预留预埋,给排水,其他,1,水电工,240,2028/02/10,2028/02/10,"标准层施工, 暑期施工","1, 2, 3, 4, 5, 6, 7, 8, 9, 10, 11, 12, 13, 14, 15, 16, 17, 32, 33",785.46,m2,否,6小时,1天,人工,隔墙墙体砌筑及墙板安装,依赖1个任务,人工,0,240,9
9层 - 隔墙墙体砌筑验收,,其他,,,0,2028/02/10,2028/02/10,"标准层施工, 暑期施工","1, 2, 3, 4, 5, 6, 7, 8, 9, 10, 11, 12, 13, 14, 15, 16, 17, 32, 33, 34",,,否,2小时,1天,人工,水电管线预留预埋,依赖1个任务,人工,0,0,9
9层 - 水电验收,,其他,,,0,2028/02/10,2028/02/10,"标准层施工, 暑期施工","1, 2, 3, 4, 5, 6, 7, 8, 9, 10, 11, 12, 13, 14, 15, 16, 17, 32, 33, 35",,,否,2小时,1天,人工,隔墙墙体砌筑验收,依赖1个任务,人工,0,0,9
9层 - 窗框安装,建筑,其他,2,不限,176700.34,2028/02/10,2028/02/10,"标准层施工, 暑期施工","1, 2, 3, 4, 5, 6, 7, 8, 9, 10, 11, 12, 13, 14, 15, 16, 17, 32, 33, 35",190.59,m2,否,4小时,1天,人工,隔墙墙体砌筑验收,依赖1个任务,人工,176572.3413,128,9
9层 - 窗框验收,,其他,,,0,2028/02/10,2028/02/11,"标准层施工, 暑期施工","1, 2, 3, 4, 5, 6, 7, 8, 9, 10, 11, 12, 13, 14, 15, 16, 17, 32, 33, 37",,,否,4小时,1天,人工,窗框安装,依赖1个任务,人工,0,0,9
9层 - 外墙面保温施工,建筑,其他,6,抹灰工,65627.77,2028/02/11,2028/02/21,"标准层施工, 暑期施工","1, 2, 3, 4, 5, 6, 7, 8, 9, 10, 11, 12, 13, 14, 15, 16, 17, 32, 33, 37, 38",340.3,m2,否,16天6小时,17天,人工,窗框验收,依赖1个任务,人工,27611.7719,38016,9
9层 - 外墙面腻子一道,建筑,其他,6,抹灰工,24384,2028/02/21,2028/02/28,"标准层施工, 暑期施工","1, 2, 3, 4, 5, 6, 7, 8, 9, 10, 11, 12, 13, 14, 15, 16, 17, 32, 33, 37, 38, 39",340.3,m2,否,10天7小时,11天,人工,外墙面保温施工,依赖1个任务,人工,0,24384,9
9层 - 外墙面腻子二道,建筑,其他,6,抹灰工,22464,2028/02/28,2028/03/05,"标准层施工, 暑期施工","1, 2, 3, 4, 5, 6, 7, 8, 9, 10, 11, 12, 13, 14, 15, 16, 17, 32, 33, 37, 38, 39, 40",340.3,m2,否,9天9小时,10天,人工,外墙面腻子一道,依赖1个任务,人工,0,22464,9
9层 - 外墙涂料面层,建筑,其他,6,抹灰工,32064,2028/03/05,2028/03/13,"标准层施工, 暑期施工","1, 2, 3, 4, 5, 6, 7, 8, 9, 10, 11, 12, 13, 14, 15, 16, 17, 32, 33, 37, 38, 39, 40, 41",340.3,m2,否,13天11小时,14天,人工,外墙面腻子二道,依赖1个任务,人工,0,32064,9
9层 - 内墙面保温,建筑,其他,6,抹灰工,30070.77,2028/02/11,2028/02/12,"标准层施工, 暑期施工","1, 2, 3, 4, 5, 6, 7, 8, 9, 10, 11, 12, 13, 14, 15, 16, 17, 32, 33, 37, 38",1455.27,m2,否,2天4小时,3天,人工,窗框验收,依赖1个任务,人工,24694.7677,5376,9
9层 - 内墙面抹灰,建筑,其他,6,抹灰工,5376,2028/02/12,2028/02/14,"标准层施工, 暑期施工","1, 2, 3, 4, 5, 6, 7, 8, 9, 10, 11, 12, 13, 14, 15, 16, 17, 32, 33, 37, 38, 43",1455.27,m2,否,2天4小时,3天,人工,内墙面保温,依赖1个任务,人工,0,5376,9
9层 - 外墙面验收,,其他,,,0,2028/03/13,2028/03/14,"标准层施工, 暑期施工","1, 2, 3, 4, 5, 6, 7, 8, 9, 10, 11, 12, 13, 14, 15, 16, 17, 32, 33, 37, 38, 39, 40, 41, 42",,,否,4小时,1天,人工,外墙涂料面层,依赖1个任务,人工,0,0,9
9层 - 内墙面验收,,其他,,,0,2028/02/14,2028/02/14,"标准层施工, 暑期施工","1, 2, 3, 4, 5, 6, 7, 8, 9, 10, 11, 12, 13, 14, 15, 16, 17, 32, 33, 37, 38, 43, 44",,,否,4小时,1天,人工,内墙面抹灰,依赖1个任务,人工,0,0,9
9层 - 有水房间防水施工,建筑,其他,2,防水工,4800,2028/02/14,2028/02/20,"标准层施工, 暑期施工","1, 2, 3, 4, 5, 6, 7, 8, 9, 10, 11, 12, 13, 14, 15, 16, 17, 32, 33, 37, 38, 43, 44, 46",,,否,10天,10天,人工,内墙面验收,依赖1个任务,人工,0,4800,9
9层 - 防水保护层施工,建筑,其他,2,防水工,5760,2028/02/20,2028/02/27,"标准层施工, 暑期施工","1, 2, 3, 4, 5, 6, 7, 8, 9, 10, 11, 12, 13, 14, 15, 16, 17, 32, 33, 37, 38, 43, 44, 46, 47",,,否,12天,12天,人工,有水房间防水施工,依赖1个任务,人工,0,5760,9
9层 - 防水保护层养护,建筑,其他,2,防水工,6720,2028/02/28,2028/03/07,"标准层施工, 暑期施工","1, 2, 3, 4, 5, 6, 7, 8, 9, 10, 11, 12, 13, 14, 15, 16, 17, 32, 33, 37, 38, 43, 44, 46, 47, 48",,,否,14天,14天,人工,防水保护层施工,依赖1个任务,人工,0,6720,9
9层 - 水立管安装与调试,给排水,其他,4,水电工,640,2028/03/08,2028/03/08,"标准层施工, 暑期施工","1, 2, 3, 4, 5, 6, 7, 8, 9, 10, 11, 12, 13, 14, 15, 16, 17, 32, 33, 37, 38, 43, 44, 46, 47, 48, 49",785.46,m2,否,4小时,1天,人工,防水保护层养护,依赖1个任务,人工,0,640,9
9层 - 水干管安装与调试,给排水,其他,4,水电工,1280,2028/03/08,2028/03/08,"标准层施工, 暑期施工","1, 2, 3, 4, 5, 6, 7, 8, 9, 10, 11, 12, 13, 14, 15, 16, 17, 32, 33, 37, 38, 43, 44, 46, 47, 48, 49, 50",785.46,m2,否,8小时,1天,人工,水立管安装与调试,依赖1个任务,人工,0,1280,9
9层 - 水支管安装与调试,给排水,其他,4,水电工,1280,2028/03/08,2028/03/08,"标准层施工, 暑期施工","1, 2, 3, 4, 5, 6, 7, 8, 9, 10, 11, 12, 13, 14, 15, 16, 17, 32, 33, 37, 38, 43, 44, 46, 47, 48, 49, 50, 51",785.46,m2,否,8小时,1天,人工,水干管安装与调试,依赖1个任务,人工,0,1280,9
9层 - 地盘管安装与调试,暖,其他,6,水电工,28320,2028/03/08,2028/03/13,"标准层施工, 暑期施工","1, 2, 3, 4, 5, 6, 7, 8, 9, 10, 11, 12, 13, 14, 15, 16, 17, 32, 33, 37, 38, 43, 44, 46, 47, 48, 49",785.46,m2,否,9天10小时,10天,人工,防水保护层养护,依赖1个任务,人工,0,28320,9
9层 - 水管盘管验收,,其他,,,0,2028/03/13,2028/03/14,"标准层施工, 暑期施工","1, 2, 3, 4, 5, 6, 7, 8, 9, 10, 11, 12, 13, 14, 15, 16, 17, 32, 33, 37, 38, 43, 44, 46, 47, 48, 49, 50, 51, 52, 53",,,否,4小时,1天,人工,"水支管安装与调试, 地盘管安装与调试",依赖2个任务,人工,0,0,9
9层 - 门框安装,建筑,其他,3,不限,480,2028/03/14,2028/03/14,"标准层施工, 暑期施工","1, 2, 3, 4, 5, 6, 7, 8, 9, 10, 11, 12, 13, 14, 15, 16, 17, 32, 33, 37, 38, 43, 44, 46, 47, 48, 49, 50, 51, 52, 53, 54",166.34,m2,否,10小时,1天,人工,水管盘管验收,依赖1个任务,人工,0,480,9
9层 - 门框验收,,其他,,,0,2028/03/14,2028/03/15,"标准层施工, 暑期施工","1, 2, 3, 4, 5, 6, 7, 8, 9, 10, 11, 12, 13, 14, 15, 16, 17, 32, 33, 37, 38, 43, 44, 46, 47, 48, 49, 50, 51, 52, 53, 54, 55",,,否,4小时,1天,人工,门框安装,依赖1个任务,人工,0,0,9
9层 - 楼面基层施工,建筑,其他,2,抹灰工,3072,2028/03/15,2028/03/17,"标准层施工, 暑期施工","1, 2, 3, 4, 5, 6, 7, 8, 9, 10, 11, 12, 13, 14, 15, 16, 17, 32, 33, 37, 38, 43, 44, 46, 47, 48, 49, 50, 51, 52, 53, 54, 55, 56",785.46,m2,否,4天,4天,人工,门框验收,依赖1个任务,人工,0,3072,9
9层 - 穿带线安装,电,其他,2,水电工,8640,2028/03/17,2028/03/23,"标准层施工, 暑期施工","1, 2, 3, 4, 5, 6, 7, 8, 9, 10, 11, 12, 13, 14, 15, 16, 17, 32, 33, 37, 38, 43, 44, 46, 47, 48, 49, 50, 51, 52, 53, 54, 55, 56, 57",785.46,m2,否,9天,9天,人工,楼面基层施工,依赖1个任务,人工,0,8640,9
9层 - 电箱安装,电,其他,2,水电工,8640,2028/03/23,2028/03/28,"标准层施工, 暑期施工","1, 2, 3, 4, 5, 6, 7, 8, 9, 10, 11, 12, 13, 14, 15, 16, 17, 32, 33, 37, 38, 43, 44, 46, 47, 48, 49, 50, 51, 52, 53, 54, 55, 56, 57, 58",785.46,m2,否,9天,9天,人工,穿带线安装,依赖1个任务,人工,0,8640,9
9层 - 电盒安装,电,其他,2,水电工,8640,2028/03/28,2028/04/03,"标准层施工, 暑期施工","1, 2, 3, 4, 5, 6, 7, 8, 9, 10, 11, 12, 13, 14, 15, 16, 17, 32, 33, 37, 38, 43, 44, 46, 47, 48, 49, 50, 51, 52, 53, 54, 55, 56, 57, 58, 59",785.46,m2,否,9天,9天,人工,电箱安装,依赖1个任务,人工,0,8640,9
9层 - 穿带线、电箱、电盒验收,电,其他,,,0,2028/04/03,2028/04/03,"标准层施工, 暑期施工","1, 2, 3, 4, 5, 6, 7, 8, 9, 10, 11, 12, 13, 14, 15, 16, 17, 32, 33, 37, 38, 43, 44, 46, 47, 48, 49, 50, 51, 52, 53, 54, 55, 56, 57, 58, 59, 60",,,否,4小时,1天,人工,电盒安装,依赖1个任务,人工,0,0,9
9层 - 门窗扇五金安装,建筑,其他,2,不限,2240,2028/04/03,2028/04/07,"标准层施工, 暑期施工","1, 2, 3, 4, 5, 6, 7, 8, 9, 10, 11, 12, 13, 14, 15, 16, 17, 32, 33, 37, 38, 43, 44, 46, 47, 48, 49, 50, 51, 52, 53, 54, 55, 56, 57, 58, 59, 60",356.93,m2,否,5天10小时,6天,人工,电盒安装,依赖1个任务,人工,0,2240,9
9层 - 顶棚腻子,建筑,其他,3,抹灰工,3456,2028/04/03,2028/04/05,"标准层施工, 暑期施工","1, 2, 3, 4, 5, 6, 7, 8, 9, 10, 11, 12, 13, 14, 15, 16, 17, 32, 33, 37, 38, 43, 44, 46, 47, 48, 49, 50, 51, 52, 53, 54, 55, 56, 57, 58, 59, 61",785.46,m2,否,3天,3天,人工,穿带线、电箱、电盒验收,依赖1个任务,人工,0,3456,9
9层 - 墙面石膏、腻子,建筑,其他,5,抹灰工,11040,2028/04/05,2028/04/09,"标准层施工, 暑期施工","1, 2, 3, 4, 5, 6, 7, 8, 9, 10, 11, 12, 13, 14, 15, 16, 17, 32, 33, 37, 38, 43, 44, 46, 47, 48, 49, 50, 51, 52, 53, 54, 55, 56, 57, 58, 59, 60, 63",1455.27,m2,否,5天9小时,6天,人工,顶棚腻子,依赖1个任务,人工,0,11040,9
9层 - 电线、电缆安装,电,其他,2,抹灰工,9216,2028/04/09,2028/04/16,"标准层施工, 暑期施工","1, 2, 3, 4, 5, 6, 7, 8, 9, 10, 11, 12, 13, 14, 15, 16, 17, 32, 33, 37, 38, 43, 44, 46, 47, 48, 49, 50, 51, 52, 53, 54, 55, 56, 57, 58, 59, 60, 63, 64",785.46,m2,否,12天,12天,人工,墙面石膏、腻子,依赖1个任务,人工,0,9216,9
9层 - 楼面面层抹灰,建筑,其他,3,水电工,2880,2028/04/16,2028/04/17,"标准层施工, 暑期施工","1, 2, 3, 4, 5, 6, 7, 8, 9, 10, 11, 12, 13, 14, 15, 16, 17, 32, 33, 37, 38, 43, 44, 46, 47, 48, 49, 50, 51, 52, 53, 54, 55, 56, 57, 58, 59, 60, 63, 64, 65",785.46,m2,否,2天,2天,人工,电线、电缆安装,依赖1个任务,人工,0,2880,9
9层 - 面砖铺贴,建筑,其他,5,砌筑工,3840,2028/04/17,2028/04/19,"标准层施工, 暑期施工","1, 2, 3, 4, 5, 6, 7, 8, 9, 10, 11, 12, 13, 14, 15, 16, 17, 32, 33, 37, 38, 43, 44, 46, 47, 48, 49, 50, 51, 52, 53, 54, 55, 56, 57, 58, 59, 60, 63, 64, 65, 66",785.46,m2,否,2天,2天,人工,楼面面层抹灰,依赖1个任务,人工,0,3840,9
9层 - 开关面板安装,电,板,2,水电工,7680,2028/04/19,2028/04/24,"标准层施工, 暑期施工","1, 2, 3, 4, 5, 6, 7, 8, 9, 10, 11, 12, 13, 14, 15, 16, 17, 32, 33, 37, 38, 43, 44, 46, 47, 48, 49, 50, 51, 52, 53, 54, 55, 56, 57, 58, 59, 60, 63, 64, 65, 66, 67",,,否,8天,8天,人工,面砖铺贴,依赖1个任务,人工,0,7680,9
9层 - 顶棚壁纸施工,建筑,其他,2,抹灰工,1536,2028/04/24,2028/04/25,"标准层施工, 暑期施工","1, 2, 3, 4, 5, 6, 7, 8, 9, 10, 11, 12, 13, 14, 15, 16, 17, 32, 33, 37, 38, 43, 44, 46, 47, 48, 49, 50, 51, 52, 53, 54, 55, 56, 57, 58, 59, 60, 63, 64, 65, 66, 67, 68",785.46,m2,否,2天,2天,人工,开关面板安装,依赖1个任务,人工,0,1536,9
9层 - 内墙面涂料、壁纸施工,建筑,其他,4,抹灰工,8832,2028/04/25,2028/04/29,"标准层施工, 暑期施工","1, 2, 3, 4, 5, 6, 7, 8, 9, 10, 11, 12, 13, 14, 15, 16, 17, 32, 33, 37, 38, 43, 44, 46, 47, 48, 49, 50, 51, 52, 53, 54, 55, 56, 57, 58, 59, 60, 63, 64, 65, 66, 67, 68, 69",1455.27,m2,否,5天9小时,6天,人工,顶棚壁纸施工,依赖1个任务,人工,0,8832,9
9层 - 灯具安装,电,其他,2,水电工,960,2028/04/29,2028/04/29,"标准层施工, 暑期施工","1, 2, 3, 4, 5, 6, 7, 8, 9, 10, 11, 12, 13, 14, 15, 16, 17, 32, 33, 37, 38, 43, 44, 46, 47, 48, 49, 50, 51, 52, 53, 54, 55, 56, 57, 58, 59, 60, 63, 64, 65, 66, 67, 68, 69, 70",,,否,1天,1天,人工,内墙面涂料、壁纸施工,依赖1个任务,人工,0,960,9
9层 - 洁具安装,给排水,其他,2,水电工,960,2028/04/29,2028/04/29,"标准层施工, 暑期施工","1, 2, 3, 4, 5, 6, 7, 8, 9, 10, 11, 12, 13, 14, 15, 16, 17, 32, 33, 37, 38, 43, 44, 46, 47, 48, 49, 50, 51, 52, 53, 54, 55, 56, 57, 58, 59, 60, 63, 64, 65, 66, 67, 68, 69, 70",,,否,1天,1天,人工,内墙面涂料、壁纸施工,依赖1个任务,人工,0,960,9
9层 - 公共部位楼梯栏杆安装,建筑,其他,2,不限,384,2028/04/29,2028/04/29,"标准层施工, 暑期施工","1, 2, 3, 4, 5, 6, 7, 8, 9, 10, 11, 12, 13, 14, 15, 16, 17, 32, 33, 37, 38, 43, 44, 46, 47, 48, 49, 50, 51, 52, 53, 54, 55, 56, 57, 58, 59, 60, 63, 64, 65, 66, 67, 68, 69, 70",,,否,1天,1天,人工,内墙面涂料、壁纸施工,依赖1个任务,人工,0,384,9
9层 - 消防系统安装,,其他,,,0,2028/04/29,2028/05/14,"标准层施工, 暑期施工","1, 2, 3, 4, 5, 6, 7, 8, 9, 10, 11, 12, 13, 14, 15, 16, 17, 32, 33, 37, 38, 43, 44, 46, 47, 48, 49, 50, 51, 52, 53, 54, 55, 56, 57, 58, 59, 60, 63, 64, 65, 66, 67, 68, 69, 70",785.46,m2,否,25天,25天,人工,内墙面涂料、壁纸施工,依赖1个任务,人工,0,0,9
9层 - 弱电及智能系统安装,,其他,,,0,2028/04/29,2028/05/11,"标准层施工, 暑期施工","1, 2, 3, 4, 5, 6, 7, 8, 9, 10, 11, 12, 13, 14, 15, 16, 17, 32, 33, 37, 38, 43, 44, 46, 47, 48, 49, 50, 51, 52, 53, 54, 55, 56, 57, 58, 59, 60, 63, 64, 65, 66, 67, 68, 69, 70",785.46,m2,否,20天,20天,人工,内墙面涂料、壁纸施工,依赖1个任务,人工,0,0,9
10层 - 柱、墙、梁、板钢筋制作,,柱,3,钢筋工,118729,2028/05/14,2028/05/16,"标准层施工, 暑期施工",,25.61,吨,否,2天9小时,3天,人工制作,无,,人工制作,115264,3465,10
10层 - 柱测量放线,结构,柱,2,测量员,80,2028/05/14,2028/05/14,"标准层施工, 暑期施工",,785.46,m2,否,2小时,1天,水准仪,无,,水准仪,0,80,10
10层 - 剪力墙放线,结构,剪力墙,2,测量员,80,2028/05/14,2028/05/14,"标准层施工, 暑期施工",,785.46,m2,否,2小时,1天,水准仪,无,,水准仪,0,80,10
10层 - 柱钢筋绑扎,结构,柱,8,钢筋工,0,2028/05/16,2028/05/16,"标准层施工, 暑期施工","1, 2",0,吨,否,0小时,0天,人工,"柱、墙、梁、板钢筋制作, 柱测量放线",依赖2个任务,人工,0,0,10
10层 - 短肢剪力墙钢筋绑扎,结构,剪力墙,8,钢筋工,3360,2028/05/16,2028/05/16,"标准层施工, 暑期施工","1, 3",8.28,吨,否,1天,1天,人工,"柱、墙、梁、板钢筋制作, 剪力墙放线",依赖2个任务,人工,0,3360,10
10层 - 柱钢筋验收,,柱,,,0,2028/05/16,2028/05/16,"标准层施工, 暑期施工","1, 2, 4",,,否,4小时,1天,人工,柱钢筋绑扎,依赖1个任务,人工,0,0,10
10层 - 剪力墙钢筋验收,,剪力墙,,,0,2028/05/16,2028/05/17,"标准层施工, 暑期施工","1, 2, 5",,,否,4小时,1天,人工,"柱测量放线, 短肢剪力墙钢筋绑扎",依赖2个任务,人工,0,0,10
10层 - 柱模板拼装,结构,柱,4,木工,0,2028/05/16,2028/05/16,"标准层施工, 暑期施工","1, 2, 4, 6",0,m2,否,0小时,0天,"木模板, 铝模板, 塑料模板, 大模板",柱钢筋验收,依赖1个任务,木模板,0,0,10
10层 - 剪力墙模板拼装,结构,剪力墙,4,木工,14994,2028/05/17,2028/05/18,"标准层施工, 暑期施工","1, 3, 5, 7",951.66,m2,否,1天8小时,2天,"木模板, 铝模板, 塑料模板, 大模板",剪力墙钢筋验收,依赖1个任务,木模板,11394,3600,10
10层 - 墙模板验收,,板,,,0,2028/05/18,2028/05/18,"标准层施工, 暑期施工","1, 3, 5, 7, 9",,,否,4小时,1天,人工,剪力墙模板拼装,依赖1个任务,人工,0,0,10
10层 - 柱模板验收,,柱,,,0,2028/05/16,2028/05/16,"标准层施工, 暑期施工","1, 2, 4, 6, 8",,,否,4小时,1天,人工,柱模板拼装,依赖1个任务,人工,0,0,10
10层 - 短肢剪力墙混凝土浇筑,结构,剪力墙,8,混凝土工,38430.73,2028/05/20,2028/05/21,"标准层施工, 暑期施工","1, 3, 5, 7, 9, 10",92.62,m3,否,5小时,1天,"固定泵1个, 固定泵2个, 移动泵1个, 移动泵2个",墙模板验收,依赖1个任务,固定泵1个,37390.7342,1040,10
10层 - 短肢剪力墙混凝土养护,结构,剪力墙,2,不限,2688,2028/05/21,2028/05/25,"标准层施工, 暑期施工","1, 3, 5, 7, 9, 10, 12",,,否,7天,7天,人工,短肢剪力墙混凝土浇筑,依赖1个任务,人工,0,2688,10
10层 - 柱混凝土浇筑,结构,柱,4,混凝土工,0,2028/05/20,2028/05/20,"标准层施工, 暑期施工","1, 2, 4, 6, 8, 11",0,m3,否,0小时,0天,"固定泵1个, 固定泵2个, 移动泵1个, 移动泵2个",柱模板验收,依赖1个任务,固定泵1个,0,0,10
10层 - 柱混凝土养护,结构,柱,2,不限,2688,2028/05/20,2028/05/25,"标准层施工, 暑期施工","1, 2, 4, 6, 8, 11, 14",,,否,7天,7天,人工,柱混凝土浇筑,依赖1个任务,人工,0,2688,10
10层 - 短肢剪力墙模板拆除,结构,剪力墙,4,木工,1800,2028/05/25,2028/05/26,"标准层施工, 暑期施工","1, 3, 5, 7, 9, 10, 12, 13",951.66,m2,否,10小时,1天,人工,短肢剪力墙混凝土养护,依赖1个任务,人工,0,1800,10
10层 - 柱模板拆除,结构,柱,4,木工,0,2028/05/25,2028/05/25,"标准层施工, 暑期施工","1, 2, 4, 6, 8, 11, 14, 15",0,m2,否,0小时,0天,人工,柱混凝土养护,依赖1个任务,人工,0,0,10
10层 - 预制叠合板安装,结构,板,3,不限,12981.55,2028/05/26,2028/05/26,"标准层施工, 暑期施工","1, 2, 3, 4, 5, 6, 7, 8, 9, 10, 11, 12, 13, 14, 15, 16, 17",785.46,m2,否,1天,1天,人工＋机械,"短肢剪力墙模板拆除, 柱模板拆除",依赖2个任务,人工＋机械,12405.546,576,10
10层 - 钢筋桁架楼承板安装,结构,板,3,木工,1620,2028/05/26,2028/05/26,"标准层施工, 暑期施工","1, 2, 3, 4, 5, 6, 7, 8, 9, 10, 11, 12, 13, 14, 15, 16, 17",785.46,m2,否,1天,1天,人工＋机械,"短肢剪力墙模板拆除, 柱模板拆除",依赖2个任务,人工＋机械,0,1620,10
10层 - 梁板模板拼装,结构,梁,4,木工,56577.68,2028/05/26,2028/05/26,"标准层施工, 暑期施工","1, 2, 3, 4, 5, 6, 7, 8, 9, 10, 11, 12, 13, 14, 15, 16, 17",898.8,m2,否,1天2小时,2天,"木模板, 铝模板, 塑料模板, 大模板","短肢剪力墙模板拆除, 柱模板拆除",依赖2个任务,木模板,54057.6773,2520,10
10层 - 楼梯模板拼装,结构,板,4,木工,4444.49,2028/05/26,2028/05/26,"标准层施工, 暑期施工","1, 2, 3, 4, 5, 6, 7, 8, 9, 10, 11, 12, 13, 14, 15, 16, 17",25.25,m2,否,6小时,1天,"木模板, 铝模板, 塑料模板","短肢剪力墙模板拆除, 柱模板拆除",依赖2个任务,木模板,3364.4868,1080,10
10层 - 梁板模板验收,,梁,,,0,2028/05/26,2028/05/26,"标准层施工, 暑期施工","1, 2, 3, 4, 5, 6, 7, 8, 9, 10, 11, 12, 13, 14, 15, 16, 17, 18, 19, 20",,,否,4小时,1天,人工,"预制叠合板安装, 钢筋桁架楼承板安装, 梁板模板拼装",依赖3个任务,人工,0,0,10
10层 - 楼梯模板验收,,板,,,0,2028/05/26,2028/05/26,"标准层施工, 暑期施工","1, 2, 3, 4, 5, 6, 7, 8, 9, 10, 11, 12, 13, 14, 15, 16, 17, 18, 19, 20, 21",,,否,4小时,1天,人工,"预制叠合板安装, 钢筋桁架楼承板安装, 梁板模板拼装, 楼梯模板拼装",依赖4个任务,人工,0,0,10
10层 - 梁板底排钢筋绑扎,结构,梁,6,钢筋工,1890,2028/05/26,2028/05/27,"标准层施工, 暑期施工","1, 2, 3, 4, 5, 6, 7, 8, 9, 10, 11, 12, 13, 14, 15, 16, 17, 18, 19, 20, 22",8.82,吨,否,9小时,1天,人工,梁板模板验收,依赖1个任务,人工,0,1890,10
10层 - 水电管线预留预埋,给排水,其他,1,水电工,240,2028/05/27,2028/05/27,"标准层施工, 暑期施工","1, 2, 3, 4, 5, 6, 7, 8, 9, 10, 11, 12, 13, 14, 15, 16, 17, 18, 19, 20, 22, 24",785.46,m2,否,6小时,1天,人工,梁板底排钢筋绑扎,依赖1个任务,人工,0,240,10
10层 - 楼板上排钢筋绑扎,结构,板,6,钢筋工,1890,2028/05/27,2028/05/27,"标准层施工, 暑期施工","1, 2, 3, 4, 5, 6, 7, 8, 9, 10, 11, 12, 13, 14, 15, 16, 17, 18, 19, 20, 22, 24",8.82,吨,否,9小时,1天,人工,梁板底排钢筋绑扎,依赖1个任务,人工,0,1890,10
10层 - 梁板钢筋验收,,梁,,,0,2028/05/27,2028/05/28,"标准层施工, 暑期施工","1, 2, 3, 4, 5, 6, 7, 8, 9, 10, 11, 12, 13, 14, 15, 16, 17, 18, 19, 20, 22, 24, 26",,,否,4小时,1天,人工,楼板上排钢筋绑扎,依赖1个任务,人工,0,0,10
10层 - 水电验收,,其他,,,0,2028/05/27,2028/05/27,"标准层施工, 暑期施工","1, 2, 3, 4, 5, 6, 7, 8, 9, 10, 11, 12, 13, 14, 15, 16, 17, 18, 19, 20, 22, 24, 25",,,否,4小时,1天,人工,水电管线预留预埋,依赖1个任务,人工,0,0,10
10层 - 梁板混凝土浇筑,结构,梁,8,混凝土工,68563.1,2028/05/27,2028/05/28,"标准层施工, 暑期施工","1, 2, 3, 4, 5, 6, 7, 8, 9, 10, 11, 12, 13, 14, 15, 16, 17, 18, 19, 20, 22, 24, 26, 28",129.06,m3,否,7小时,1天,"木模板, 铝模板, 塑料模板, 大模板","楼板上排钢筋绑扎, 水电验收",依赖2个任务,木模板,67107.0961,1456,10
10层 - 梁板混凝土养护,结构,梁,2,不限,2688,2028/05/28,2028/06/01,"标准层施工, 暑期施工","1, 2, 3, 4, 5, 6, 7, 8, 9, 10, 11, 12, 13, 14, 15, 16, 17, 18, 19, 20, 22, 24, 26, 28, 29",,,否,7天,7天,人工,梁板混凝土浇筑,依赖1个任务,人工,0,2688,10
10层 - 梁板混凝土拆模,结构,梁,4,木工,1800,2028/06/01,2028/06/02,"标准层施工, 暑期施工","1, 2, 3, 4, 5, 6, 7, 8, 9, 10, 11, 12, 13, 14, 15, 16, 17, 18, 19, 20, 22, 24, 26, 28, 30, 30",129.06,m3,否,10小时,1天,人工,梁板混凝土养护,依赖1个任务,人工,0,1800,10
10层 - 隔墙测量放线,建筑,其他,2,测量员,80,2028/05/26,2028/05/26,"标准层施工, 暑期施工","1, 2, 3, 4, 5, 6, 7, 8, 9, 10, 11, 12, 13, 14, 15, 16, 17",785.46,m2,否,2小时,1天,人工,"短肢剪力墙模板拆除, 柱模板拆除",依赖2个任务,人工,0,80,10
10层 - 隔墙墙体砌筑及墙板安装,建筑,板,2,砌筑工,74633.3,2028/05/26,2028/05/29,"标准层施工, 暑期施工","1, 2, 3, 4, 5, 6, 7, 8, 9, 10, 11, 12, 13, 14, 15, 16, 17, 32",60.25,m3,否,6天3小时,7天,"蒸压加气块, 混凝土标准砖, 粘土标准砖, ALC板, 石膏板, 轻质隔墙板",隔墙测量放线,依赖1个任务,蒸压加气块,69833.296,4800,10
10层 - 水电管线预留预埋,给排水,其他,1,水电工,240,2028/05/29,2028/05/30,"标准层施工, 暑期施工","1, 2, 3, 4, 5, 6, 7, 8, 9, 10, 11, 12, 13, 14, 15, 16, 17, 32, 33",785.46,m2,否,6小时,1天,人工,隔墙墙体砌筑及墙板安装,依赖1个任务,人工,0,240,10
10层 - 隔墙墙体砌筑验收,,其他,,,0,2028/05/30,2028/05/30,"标准层施工, 暑期施工","1, 2, 3, 4, 5, 6, 7, 8, 9, 10, 11, 12, 13, 14, 15, 16, 17, 32, 33, 34",,,否,2小时,1天,人工,水电管线预留预埋,依赖1个任务,人工,0,0,10
10层 - 水电验收,,其他,,,0,2028/05/30,2028/05/30,"标准层施工, 暑期施工","1, 2, 3, 4, 5, 6, 7, 8, 9, 10, 11, 12, 13, 14, 15, 16, 17, 32, 33, 35",,,否,2小时,1天,人工,隔墙墙体砌筑验收,依赖1个任务,人工,0,0,10
10层 - 窗框安装,建筑,其他,2,不限,176700.34,2028/05/30,2028/05/30,"标准层施工, 暑期施工","1, 2, 3, 4, 5, 6, 7, 8, 9, 10, 11, 12, 13, 14, 15, 16, 17, 32, 33, 35",190.59,m2,否,4小时,1天,人工,隔墙墙体砌筑验收,依赖1个任务,人工,176572.3413,128,10
10层 - 窗框验收,,其他,,,0,2028/05/30,2028/05/30,"标准层施工, 暑期施工","1, 2, 3, 4, 5, 6, 7, 8, 9, 10, 11, 12, 13, 14, 15, 16, 17, 32, 33, 37",,,否,4小时,1天,人工,窗框安装,依赖1个任务,人工,0,0,10
10层 - 外墙面保温施工,建筑,其他,6,抹灰工,65627.77,2028/05/31,2028/06/10,"标准层施工, 暑期施工","1, 2, 3, 4, 5, 6, 7, 8, 9, 10, 11, 12, 13, 14, 15, 16, 17, 32, 33, 37, 38",340.3,m2,否,16天6小时,17天,人工,窗框验收,依赖1个任务,人工,27611.7719,38016,10
10层 - 外墙面腻子一道,建筑,其他,6,抹灰工,24384,2028/06/10,2028/06/16,"标准层施工, 暑期施工","1, 2, 3, 4, 5, 6, 7, 8, 9, 10, 11, 12, 13, 14, 15, 16, 17, 32, 33, 37, 38, 39",340.3,m2,否,10天7小时,11天,人工,外墙面保温施工,依赖1个任务,人工,0,24384,10
10层 - 外墙面腻子二道,建筑,其他,6,抹灰工,22464,2028/06/16,2028/06/22,"标准层施工, 暑期施工","1, 2, 3, 4, 5, 6, 7, 8, 9, 10, 11, 12, 13, 14, 15, 16, 17, 32, 33, 37, 38, 39, 40",340.3,m2,否,9天9小时,10天,人工,外墙面腻子一道,依赖1个任务,人工,0,22464,10
10层 - 外墙涂料面层,建筑,其他,6,抹灰工,32064,2028/06/22,2028/07/01,"标准层施工, 暑期施工","1, 2, 3, 4, 5, 6, 7, 8, 9, 10, 11, 12, 13, 14, 15, 16, 17, 32, 33, 37, 38, 39, 40, 41",340.3,m2,否,13天11小时,14天,人工,外墙面腻子二道,依赖1个任务,人工,0,32064,10
10层 - 内墙面保温,建筑,其他,6,抹灰工,30070.77,2028/05/31,2028/06/01,"标准层施工, 暑期施工","1, 2, 3, 4, 5, 6, 7, 8, 9, 10, 11, 12, 13, 14, 15, 16, 17, 32, 33, 37, 38",1455.27,m2,否,2天4小时,3天,人工,窗框验收,依赖1个任务,人工,24694.7677,5376,10
10层 - 内墙面抹灰,建筑,其他,6,抹灰工,5376,2028/06/01,2028/06/02,"标准层施工, 暑期施工","1, 2, 3, 4, 5, 6, 7, 8, 9, 10, 11, 12, 13, 14, 15, 16, 17, 32, 33, 37, 38, 43",1455.27,m2,否,2天4小时,3天,人工,内墙面保温,依赖1个任务,人工,0,5376,10
10层 - 外墙面验收,,其他,,,0,2028/07/01,2028/07/01,"标准层施工, 暑期施工","1, 2, 3, 4, 5, 6, 7, 8, 9, 10, 11, 12, 13, 14, 15, 16, 17, 32, 33, 37, 38, 39, 40, 41, 42",,,否,4小时,1天,人工,外墙涂料面层,依赖1个任务,人工,0,0,10
10层 - 内墙面验收,,其他,,,0,2028/06/02,2028/06/02,"标准层施工, 暑期施工","1, 2, 3, 4, 5, 6, 7, 8, 9, 10, 11, 12, 13, 14, 15, 16, 17, 32, 33, 37, 38, 43, 44",,,否,4小时,1天,人工,内墙面抹灰,依赖1个任务,人工,0,0,10
10层 - 有水房间防水施工,建筑,其他,2,防水工,4800,2028/06/03,2028/06/09,"标准层施工, 暑期施工","1, 2, 3, 4, 5, 6, 7, 8, 9, 10, 11, 12, 13, 14, 15, 16, 17, 32, 33, 37, 38, 43, 44, 46",,,否,10天,10天,人工,内墙面验收,依赖1个任务,人工,0,4800,10
10层 - 防水保护层施工,建筑,其他,2,防水工,5760,2028/06/09,2028/06/16,"标准层施工, 暑期施工","1, 2, 3, 4, 5, 6, 7, 8, 9, 10, 11, 12, 13, 14, 15, 16, 17, 32, 33, 37, 38, 43, 44, 46, 47",,,否,12天,12天,人工,有水房间防水施工,依赖1个任务,人工,0,5760,10
10层 - 防水保护层养护,建筑,其他,2,防水工,6720,2028/06/16,2028/06/25,"标准层施工, 暑期施工","1, 2, 3, 4, 5, 6, 7, 8, 9, 10, 11, 12, 13, 14, 15, 16, 17, 32, 33, 37, 38, 43, 44, 46, 47, 48",,,否,14天,14天,人工,防水保护层施工,依赖1个任务,人工,0,6720,10
10层 - 水立管安装与调试,给排水,其他,4,水电工,640,2028/06/25,2028/06/25,"标准层施工, 暑期施工","1, 2, 3, 4, 5, 6, 7, 8, 9, 10, 11, 12, 13, 14, 15, 16, 17, 32, 33, 37, 38, 43, 44, 46, 47, 48, 49",785.46,m2,否,4小时,1天,人工,防水保护层养护,依赖1个任务,人工,0,640,10
10层 - 水干管安装与调试,给排水,其他,4,水电工,1280,2028/06/25,2028/06/25,"标准层施工, 暑期施工","1, 2, 3, 4, 5, 6, 7, 8, 9, 10, 11, 12, 13, 14, 15, 16, 17, 32, 33, 37, 38, 43, 44, 46, 47, 48, 49, 50",785.46,m2,否,8小时,1天,人工,水立管安装与调试,依赖1个任务,人工,0,1280,10
10层 - 水支管安装与调试,给排水,其他,4,水电工,1280,2028/06/26,2028/06/26,"标准层施工, 暑期施工","1, 2, 3, 4, 5, 6, 7, 8, 9, 10, 11, 12, 13, 14, 15, 16, 17, 32, 33, 37, 38, 43, 44, 46, 47, 48, 49, 50, 51",785.46,m2,否,8小时,1天,人工,水干管安装与调试,依赖1个任务,人工,0,1280,10
10层 - 地盘管安装与调试,暖,其他,6,水电工,28320,2028/06/25,2028/07/01,"标准层施工, 暑期施工","1, 2, 3, 4, 5, 6, 7, 8, 9, 10, 11, 12, 13, 14, 15, 16, 17, 32, 33, 37, 38, 43, 44, 46, 47, 48, 49",785.46,m2,否,9天10小时,10天,人工,防水保护层养护,依赖1个任务,人工,0,28320,10
10层 - 水管盘管验收,,其他,,,0,2028/07/01,2028/07/01,"标准层施工, 暑期施工","1, 2, 3, 4, 5, 6, 7, 8, 9, 10, 11, 12, 13, 14, 15, 16, 17, 32, 33, 37, 38, 43, 44, 46, 47, 48, 49, 50, 51, 52, 53",,,否,4小时,1天,人工,"水支管安装与调试, 地盘管安装与调试",依赖2个任务,人工,0,0,10
10层 - 门框安装,建筑,其他,3,不限,480,2028/07/01,2028/07/02,"标准层施工, 暑期施工","1, 2, 3, 4, 5, 6, 7, 8, 9, 10, 11, 12, 13, 14, 15, 16, 17, 32, 33, 37, 38, 43, 44, 46, 47, 48, 49, 50, 51, 52, 53, 54",166.34,m2,否,10小时,1天,人工,水管盘管验收,依赖1个任务,人工,0,480,10
10层 - 门框验收,,其他,,,0,2028/07/02,2028/07/02,"标准层施工, 暑期施工","1, 2, 3, 4, 5, 6, 7, 8, 9, 10, 11, 12, 13, 14, 15, 16, 17, 32, 33, 37, 38, 43, 44, 46, 47, 48, 49, 50, 51, 52, 53, 54, 55",,,否,4小时,1天,人工,门框安装,依赖1个任务,人工,0,0,10
10层 - 楼面基层施工,建筑,其他,2,抹灰工,3072,2028/07/02,2028/07/05,"标准层施工, 暑期施工","1, 2, 3, 4, 5, 6, 7, 8, 9, 10, 11, 12, 13, 14, 15, 16, 17, 32, 33, 37, 38, 43, 44, 46, 47, 48, 49, 50, 51, 52, 53, 54, 55, 56",785.46,m2,否,4天,4天,人工,门框验收,依赖1个任务,人工,0,3072,10
10层 - 穿带线安装,电,其他,2,水电工,8640,2028/07/05,2028/07/10,"标准层施工, 暑期施工","1, 2, 3, 4, 5, 6, 7, 8, 9, 10, 11, 12, 13, 14, 15, 16, 17, 32, 33, 37, 38, 43, 44, 46, 47, 48, 49, 50, 51, 52, 53, 54, 55, 56, 57",785.46,m2,否,9天,9天,人工,楼面基层施工,依赖1个任务,人工,0,8640,10
10层 - 电箱安装,电,其他,2,水电工,8640,2028/07/10,2028/07/16,"标准层施工, 暑期施工","1, 2, 3, 4, 5, 6, 7, 8, 9, 10, 11, 12, 13, 14, 15, 16, 17, 32, 33, 37, 38, 43, 44, 46, 47, 48, 49, 50, 51, 52, 53, 54, 55, 56, 57, 58",785.46,m2,否,9天,9天,人工,穿带线安装,依赖1个任务,人工,0,8640,10
10层 - 电盒安装,电,其他,2,水电工,8640,2028/07/16,2028/07/22,"标准层施工, 暑期施工","1, 2, 3, 4, 5, 6, 7, 8, 9, 10, 11, 12, 13, 14, 15, 16, 17, 32, 33, 37, 38, 43, 44, 46, 47, 48, 49, 50, 51, 52, 53, 54, 55, 56, 57, 58, 59",785.46,m2,否,9天,9天,人工,电箱安装,依赖1个任务,人工,0,8640,10
10层 - 穿带线、电箱、电盒验收,电,其他,,,0,2028/07/22,2028/07/22,"标准层施工, 暑期施工","1, 2, 3, 4, 5, 6, 7, 8, 9, 10, 11, 12, 13, 14, 15, 16, 17, 32, 33, 37, 38, 43, 44, 46, 47, 48, 49, 50, 51, 52, 53, 54, 55, 56, 57, 58, 59, 60",,,否,4小时,1天,人工,电盒安装,依赖1个任务,人工,0,0,10
10层 - 门窗扇五金安装,建筑,其他,2,不限,2240,2028/07/22,2028/07/25,"标准层施工, 暑期施工","1, 2, 3, 4, 5, 6, 7, 8, 9, 10, 11, 12, 13, 14, 15, 16, 17, 32, 33, 37, 38, 43, 44, 46, 47, 48, 49, 50, 51, 52, 53, 54, 55, 56, 57, 58, 59, 60",356.93,m2,否,5天10小时,6天,人工,电盒安装,依赖1个任务,人工,0,2240,10
10层 - 顶棚腻子,建筑,其他,3,抹灰工,3456,2028/07/22,2028/07/24,"标准层施工, 暑期施工","1, 2, 3, 4, 5, 6, 7, 8, 9, 10, 11, 12, 13, 14, 15, 16, 17, 32, 33, 37, 38, 43, 44, 46, 47, 48, 49, 50, 51, 52, 53, 54, 55, 56, 57, 58, 59, 61",785.46,m2,否,3天,3天,人工,穿带线、电箱、电盒验收,依赖1个任务,人工,0,3456,10
10层 - 墙面石膏、腻子,建筑,其他,5,抹灰工,11040,2028/07/24,2028/07/27,"标准层施工, 暑期施工","1, 2, 3, 4, 5, 6, 7, 8, 9, 10, 11, 12, 13, 14, 15, 16, 17, 32, 33, 37, 38, 43, 44, 46, 47, 48, 49, 50, 51, 52, 53, 54, 55, 56, 57, 58, 59, 60, 63",1455.27,m2,否,5天9小时,6天,人工,顶棚腻子,依赖1个任务,人工,0,11040,10
10层 - 电线、电缆安装,电,其他,2,抹灰工,9216,2028/07/27,2028/08/04,"标准层施工, 暑期施工","1, 2, 3, 4, 5, 6, 7, 8, 9, 10, 11, 12, 13, 14, 15, 16, 17, 32, 33, 37, 38, 43, 44, 46, 47, 48, 49, 50, 51, 52, 53, 54, 55, 56, 57, 58, 59, 60, 63, 64",785.46,m2,否,12天,12天,人工,墙面石膏、腻子,依赖1个任务,人工,0,9216,10
10层 - 楼面面层抹灰,建筑,其他,3,水电工,2880,2028/08/04,2028/08/05,"标准层施工, 暑期施工","1, 2, 3, 4, 5, 6, 7, 8, 9, 10, 11, 12, 13, 14, 15, 16, 17, 32, 33, 37, 38, 43, 44, 46, 47, 48, 49, 50, 51, 52, 53, 54, 55, 56, 57, 58, 59, 60, 63, 64, 65",785.46,m2,否,2天,2天,人工,电线、电缆安装,依赖1个任务,人工,0,2880,10
10层 - 面砖铺贴,建筑,其他,5,砌筑工,3840,2028/08/05,2028/08/06,"标准层施工, 暑期施工","1, 2, 3, 4, 5, 6, 7, 8, 9, 10, 11, 12, 13, 14, 15, 16, 17, 32, 33, 37, 38, 43, 44, 46, 47, 48, 49, 50, 51, 52, 53, 54, 55, 56, 57, 58, 59, 60, 63, 64, 65, 66",785.46,m2,否,2天,2天,人工,楼面面层抹灰,依赖1个任务,人工,0,3840,10
10层 - 开关面板安装,电,板,2,水电工,7680,2028/08/06,2028/08/11,"标准层施工, 暑期施工","1, 2, 3, 4, 5, 6, 7, 8, 9, 10, 11, 12, 13, 14, 15, 16, 17, 32, 33, 37, 38, 43, 44, 46, 47, 48, 49, 50, 51, 52, 53, 54, 55, 56, 57, 58, 59, 60, 63, 64, 65, 66, 67",,,否,8天,8天,人工,面砖铺贴,依赖1个任务,人工,0,7680,10
10层 - 顶棚壁纸施工,建筑,其他,2,抹灰工,1536,2028/08/11,2028/08/13,"标准层施工, 暑期施工","1, 2, 3, 4, 5, 6, 7, 8, 9, 10, 11, 12, 13, 14, 15, 16, 17, 32, 33, 37, 38, 43, 44, 46, 47, 48, 49, 50, 51, 52, 53, 54, 55, 56, 57, 58, 59, 60, 63, 64, 65, 66, 67, 68",785.46,m2,否,2天,2天,人工,开关面板安装,依赖1个任务,人工,0,1536,10
10层 - 内墙面涂料、壁纸施工,建筑,其他,4,抹灰工,8832,2028/08/13,2028/08/16,"标准层施工, 暑期施工","1, 2, 3, 4, 5, 6, 7, 8, 9, 10, 11, 12, 13, 14, 15, 16, 17, 32, 33, 37, 38, 43, 44, 46, 47, 48, 49, 50, 51, 52, 53, 54, 55, 56, 57, 58, 59, 60, 63, 64, 65, 66, 67, 68, 69",1455.27,m2,否,5天9小时,6天,人工,顶棚壁纸施工,依赖1个任务,人工,0,8832,10
10层 - 灯具安装,电,其他,2,水电工,960,2028/08/16,2028/08/17,"标准层施工, 暑期施工","1, 2, 3, 4, 5, 6, 7, 8, 9, 10, 11, 12, 13, 14, 15, 16, 17, 32, 33, 37, 38, 43, 44, 46, 47, 48, 49, 50, 51, 52, 53, 54, 55, 56, 57, 58, 59, 60, 63, 64, 65, 66, 67, 68, 69, 70",,,否,1天,1天,人工,内墙面涂料、壁纸施工,依赖1个任务,人工,0,960,10
10层 - 洁具安装,给排水,其他,2,水电工,960,2028/08/16,2028/08/17,"标准层施工, 暑期施工","1, 2, 3, 4, 5, 6, 7, 8, 9, 10, 11, 12, 13, 14, 15, 16, 17, 32, 33, 37, 38, 43, 44, 46, 47, 48, 49, 50, 51, 52, 53, 54, 55, 56, 57, 58, 59, 60, 63, 64, 65, 66, 67, 68, 69, 70",,,否,1天,1天,人工,内墙面涂料、壁纸施工,依赖1个任务,人工,0,960,10
10层 - 公共部位楼梯栏杆安装,建筑,其他,2,不限,384,2028/08/16,2028/08/17,"标准层施工, 暑期施工","1, 2, 3, 4, 5, 6, 7, 8, 9, 10, 11, 12, 13, 14, 15, 16, 17, 32, 33, 37, 38, 43, 44, 46, 47, 48, 49, 50, 51, 52, 53, 54, 55, 56, 57, 58, 59, 60, 63, 64, 65, 66, 67, 68, 69, 70",,,否,1天,1天,人工,内墙面涂料、壁纸施工,依赖1个任务,人工,0,384,10
10层 - 消防系统安装,,其他,,,0,2028/08/16,2028/09/01,"标准层施工, 暑期施工","1, 2, 3, 4, 5, 6, 7, 8, 9, 10, 11, 12, 13, 14, 15, 16, 17, 32, 33, 37, 38, 43, 44, 46, 47, 48, 49, 50, 51, 52, 53, 54, 55, 56, 57, 58, 59, 60, 63, 64, 65, 66, 67, 68, 69, 70",785.46,m2,否,25天,25天,人工,内墙面涂料、壁纸施工,依赖1个任务,人工,0,0,10
10层 - 弱电及智能系统安装,,其他,,,0,2028/08/16,2028/08/29,"标准层施工, 暑期施工","1, 2, 3, 4, 5, 6, 7, 8, 9, 10, 11, 12, 13, 14, 15, 16, 17, 32, 33, 37, 38, 43, 44, 46, 47, 48, 49, 50, 51, 52, 53, 54, 55, 56, 57, 58, 59, 60, 63, 64, 65, 66, 67, 68, 69, 70",785.46,m2,否,20天,20天,人工,内墙面涂料、壁纸施工,依赖1个任务,人工,0,0,10
跨楼层 - 电梯井施工,电,电梯井,6,安装工,580000,2025/09/10,2025/09/29,整栋楼施工,基础完成,1,套,否,30天,30天,人工+机械,基础施工,跨楼层任务,人工+机械,500000,80000,跨楼层
跨楼层 - 主供水管道安装,给排水,管道,4,管道工,240000,2025/09/13,2025/09/25,整栋楼施工,主体结构完成,1,套,否,20天,20天,机械,主体施工,跨楼层任务,机械,200000,40000,跨楼层
跨楼层 - 中央空调安装,暖,空调系统,5,安装工,360000,2025/09/20,2025/10/05,整栋楼施工,主体结构完成,1,套,否,25天,25天,人工+机械,主体施工,跨楼层任务,人工+机械,300000,60000,跨楼层
